,,,,EXAMPLE LINK,,,,,,,,,,,,,,,,,,,,,,,,,,,,,,
URL (ANT): ,,,,Functionalities,,,,,,,,,,,,Formulation Type,,,,,,,,,Regulatory/Labels,,,,,,,CAS number,Site,Document
,Product,Chemical Description (website),"Description

",Adjuvants,Emulsifiers,Dispersants,Rheology modifiers,(Co) Solvents,"Wetters, Penetrants and Spreaders",Active Ingredients,Defoamer,Soil Moisture Retainers,Humectants,Anti Drift,Tank Mix Adjuvants,Emulsifiable Concentrates (EC),Oil Dispersions (OD),Oil in Water Emulsions (EW),Suspension Concentrates (SC),Soluble Liquids (SL),Suspo-Emulsions (SE),Micro-Emulsion (ME),Water dispersible Granules (WG),Wettable Powders (WP) ,REACH,OMRI eligible,Dioxane-free,Biodegradability ,Microplastic-free,EPA,Label-free,,,
1,Aidigro EM1225,Non-ionic block copolymer,An emulsifier and dispersant used to produce stable concentrated emulsions with pesticide active ingedients. Can also be used in a suspoemulsion formulations,,√,√,,,,,,,,,,,√,√,,,√,,,,,,,,,√,,70142-34-6,EU,English-KLK OLEO-Aidigro Your Biologicals Formulation Partner.pdf
2,Aidigro EM1325,Surfactant blend,Polymeric non-ionic block plolymer with low HLB value which can be used for concentrated aqueous emulsion formulations and nonaqueous dispersant. Additional benefits include adjuvancy due to increased spray retention.,√,√,√,,,,,,,,,,,√,√,,,√,,,,,,,,,√,,70142-34-6,EU,English-KLK OLEO-Aidigro Your Biologicals Formulation Partner.pdf
3,Aidigro DF1425,Ester EO/PO block,"Versatile defoamer and low foam dispersant with adjuvancy effects, compatible with microbial formulations. Additional benefit of silicone and mineral oil free",√,,√,,,,,√,,,,,√,√,√,√,√,,,√,,,,,,,,,Proprietary,EU,English-KLK OLEO-Aidigro Your Biologicals Formulation Partner.pdf
4,Aidigro DF1525,Wax/vegetable oil dispersion,A defoaming specialty that also functions as a dispersing agent. Additional benefit of mineral oil and VOC-free ,,,√,,,,,√,,,,,√,√,√,√,√,√,√,√,,√,,,,,,,Proprietary,EU,English-KLK OLEO-Aidigro Your Biologicals Formulation Partner.pdf
5,Aidigro DA1625,EO/PO BLOCK coplymer,Non-ionic dispersant and emulsifier with adjuvancy effects and wetting in oil dispersion formulations.,√,√,√,,,√,,,,,,,√,√,√,√,√,,,,,,,,,,,,9003-11-6.,EU,English-KLK OLEO-Agrochemicals Leaflet.pdf
6,Aidigro DA1725,TSP-based phosphate ester ,An anionic dispersing agent for pesticide formulation and also compatible with microbial biopesticide formulations (bacteria and fungi) for foliar and root zone application,,√,√,,,√,,,,,,,,√,√,√,,,√,√,√,,,,,,,,405161-39-9,EU,English-KLK OLEO-Agrochemicals Leaflet.pdf
7,Aidigro DA1825,Ethoxylated phosphate ester,"An anionic dispersing agent with wetting and penetrating properties, compatible with Pseudomonas and Bacillus spp.",,,√,,,√,,,,,,,,√,√,√,,,√,√,√,,,,√,,,,73038-25-2,EU,English-KLK OLEO-Agrochemicals Leaflet.pdf
8,Aidigro DA1925,Ethoxylated phosphate ester,"Readily biodegradable anionic dispersing agent with wetting and penetrating properties, compatible with Pseudomonas and Bacillus spp.",,,√,,,√,,,,,,,,√,√,√,,,√,√,√,,,,,,,,73038-25-2,EU,English-KLK OLEO-Agrochemicals Leaflet.pdf
9,Aidigro EM2025,Sorbeth-40 Hexaoleate,Non-ionic surfactant which functions as emulsifier and can also be used as inert with adjuvancy properties. Also compatible with in can microbial formulations.,√,√,,,,,,,,,,,√,√,√,√,,,√,,,,,,,,√,,57171-56-9,EU,English-KLK OLEO-Aidigro Your Biologicals Formulation Partner.pdf
10,Aidigro EM2125,PEG-50 sorbitan peroleate,Non-ionic O/W emulsifier with adjuvancy and wetting properties,√,√,,,,√,,,,,,,√,√,√,√,,,√,,,,,,,,√,,57171-56-9,EU,English-KLK OLEO-Aidigro Your Biologicals Formulation Partner.pdf
11,Aidigro WA1125,Proprietary,"Aidigro WA1125 is a low odour,  non-ionic surfactant based on unique EO/PO copolymer with excellent wetting and penetrating function. 

Additional benefits includes:
Super wetting
Penetrating
Emulsification
Low odour
Outstanding formulation and handling properties",,√,,,,√,,,,,,,√,√,√,√,,,,,,,,,,,,,Proprietary,EU,English-KLK OLEO-Aidigro Your Biologicals Formulation Partner.pdf
12,Aidigro EM2626,"Branched dodecylbenzene sulphonate, Ca salt","1,4-dioxane free, Anionic emulsifier (Calcium-based) typically combined with castor oil ethoxylates.",,√,,,,,,,,,,,√,,√,,,,√,,,√,,√,√,,√,,68953-96-8,EU,English-KLK OLEO-Aidigro Your Biologicals Formulation Partner.pdf
13,Aidigro EM2726,"Linear dodecylbenzene sulphonate, Ca salt","1,4-dioxane free, anionic emulsifier (Calcium-based) typically combined with castor oil ethoxylates.",,√,,,,,,,,,,,√,,√,,,,√,,,√,,√,√,,√,,1335202-81-7,EU,English-KLK OLEO-Aidigro Your Biologicals Formulation Partner.pdf
14,Aidigro EM2826,"Castor oil suphonate, Na salt","1,4-dioxane free, anionic emulsifier with wetting properties",,√,,,,√,,,,,,,√,,√,,,,√,,,,,√,,,,,68187-76-8,EU,English-KLK OLEO-Aidigro Your Biologicals Formulation Partner.pdf
15,Aidigro EM2926,"Iso C13 alcohol + 20 EO sulphate, Na salt","Anionic emulsifier and dispersant with additional wetting benefit, suitable for agrochemical formulations to improve emulsification, wetting, and dispersion stability.",,√,√,,,√,,,,,,,√,√,√,√,√,√,√,,,,,,,,,,150413-26-6,EU,English-KLK OLEO-Aidigro Your Biologicals Formulation Partner.pdf
16,Aidigro EM3026,"C12-C14 alcohol + 4 EO sulphate, Na salt",Anionic emulsifier with beneficial adjuvancy properties ,√,√,,,,,,,,,,,,,√,,√,,√,,,,,,,,√,,68891-38-3,EU,English-KLK OLEO-Agrochemicals Leaflet.pdf
17,Aidigro DA3126,Alcohol phosphate ester,Versatle dispersing agent for agrochemical formulations,,,√,,,,,,,,,,√,√,√,√,√,√,,,,√,,,,,,,12788-93-1,EU,English-KLK OLEO-Aidigro Your Biologicals Formulation Partner.pdf
18,Aidigro DA3226,Alcohol phosphate ester,Efficient as a dispersing agent in agrochemical formulations,,√,√,,,,,,,,,,√,√,√,√,√,√,,,,√,,,,,,,68511-03-5,EU,English-KLK OLEO-Aidigro Your Biologicals Formulation Partner.pdf
19,Aidigro DA3326,Alcohol phosphate ester,Readily biodegradable anionic surfactant that functions as a dispersing agent in agrochemical formulations,,√,√,,,,,,,,,,,√,√,√,,,√,√,√,√,,,√,,,,12645-31-7,EU,English-KLK OLEO-Aidigro Your Biologicals Formulation Partner.pdf
20,Aidigro DA 3426,Phosphate ester ethoxylated,Readily biodegradable anionic surfactant that functions as a dispersing agent in agrochemical formulations,,√,√,,,,,,,,,,,√,√,√,,,√,√,√,,,,√,,,,31800-88-1,EU,English-KLK OLEO-Aidigro Your Biologicals Formulation Partner.pdf
21,Aidigro DA 3526,Phosphate ester ethoxylated,Readily biodegradable anionic surfactant that functions as a dispersing agent in agrochemical formulations,,√,√,,,,,,,,,,,√,√,√,,,√,√,√,,,,√,,,,111798-26-6,EU,English-KLK OLEO-Aidigro Your Biologicals Formulation Partner.pdf
22,Aidigro DA 3626,Alcohol phosphate ester,Efficient as a dispersing agent in agro formulation,,√,√,,,,,,,,,,,√,√,√,,,√,√,√,,,,√,,,,84988-61-4,EU,English-KLK OLEO-Aidigro Your Biologicals Formulation Partner.pdf
23,Aidigro DA 3726,Phosphate ester ethoxylated,Efficient as a dispersing agent in agro formulation,,√,√,,,,,,,,,,,√,√,√,,,√,√,√,,,,,,,,68130-47-2,EU,English-KLK OLEO-Aidigro Your Biologicals Formulation Partner.pdf
24,Aidigro DA 3826,Phosphate ester ethoxylated,Readily biodegradable anionic surfactant that functions as dispersants,,√,√,,,,,,,,,,,√,√,√,,,√,√,√,,,,√,,,,68130-47-2,EU,English-KLK OLEO-Aidigro Your Biologicals Formulation Partner.pdf
25,Aidigro DA 3926,Phosphate ester ethoxylated,Biodegradable ethoxylated phosphate ester that functions as a dispersing agent in agro formulation,,√,√,,,,,,,,,,,√,√,√,,,√,√,√,,,,,,,,39464-70-5,EU,English-KLK OLEO-Aidigro Your Biologicals Formulation Partner.pdf
26,Aidigro DA 4026,Phosphate ester ethoxylated,Efficient as a dispersing agent with emulsifier and adjuvancy properties in agro formulation,,√,√,,,,,,,,,,,√,√,√,,,√,√,√,,,,,,√,,68511-37-5,EU,English-KLK OLEO-Aidigro Your Biologicals Formulation Partner.pdf
27,Aidigro DA 4126,Alcohol phosphate ester,Efficient as a dispersing agent in agro formulation,,√,√,,,,,,,,,,,√,√,√,,,√,√,√,,,,,,,,154518-38-4,EU,English-KLK OLEO-Aidigro Your Biologicals Formulation Partner.pdf
28,Aidigro DA 4226,Phosphate ester ethoxylated,Efficient as a dispersing agent in agro formulation,,√,√,,,,,,,,,,,√,√,√,,,√,√,√,,,,,,,,73038-25-2,EU,English-KLK OLEO-Aidigro Your Biologicals Formulation Partner.pdf
29,Aidigro DA 4326,Phosphate ester ethoxylated,"An anionic dispersing agent with wetting and penetrating properties, compatible with microbial formulation",,√,√,,,,,,,,,,,√,√,√,,,√,√,√,,,,√,,,,73038-25-2,EU,English-KLK OLEO-Aidigro Your Biologicals Formulation Partner.pdf
30,Aidigro DA 4426,Phosphate ester ethoxylated,Efficient as a dispersing agent in agro formulation,,√,√,,,,,,,,,,,√,√,√,,,√,√,√,,,,,,,,73038-25-2,EU,English-KLK OLEO-Aidigro Your Biologicals Formulation Partner.pdf
31,Aidigro DA 4526,Phosphate ester ethoxylated,Efficient as a dispersing agent in agro formulation,,√,√,,,,,,,,,,,√,√,√,,,√,√,√,,,,,,,,73038-25-2,EU,English-KLK OLEO-Aidigro Your Biologicals Formulation Partner.pdf
32,Aidigro DA 4626,Phosphate ester ethoxylated,Efficient as a dispersing agent in agro formulation,,√,√,,,,,,,,,,,√,√,√,,,√,√,√,,,,,,,,83047-00-1,EU,English-KLK OLEO-Aidigro Your Biologicals Formulation Partner.pdf
33,Aidigro DA 4726,Phosphate ester ethoxylated,Efficient as a dispersing agent in agro formulation,,√,√,,,,,,,,,,,√,√,√,,,√,√,√,,,,,,,,155240-11-2,EU,English-KLK OLEO-Aidigro Your Biologicals Formulation Partner.pdf
34,Aidigro DA 4826,Phosphate ester ethoxylated,Efficient as a dispersing agent in agro formulation,,√,√,,,,,,,,,,,√,√,√,,,√,√,√,,,,,,,,39464-69-2,EU,English-KLK OLEO-Aidigro Your Biologicals Formulation Partner.pdf
35,Aidigro DA 4926,Phosphate ester ethoxylated,Efficient as a dispersing agent in agro formulation,,√,√,,,,,,,,,,,√,√,√,,,√,√,√,,,,,,,,39464-69-2,EU,English-KLK OLEO-Aidigro Your Biologicals Formulation Partner.pdf
36,Aidigro EM5026,Polyglycol ester,"Non-ionic surfactant based on polyglycol ester that functions as an emulsifier in agrochemical formulations. Additional benefits of Aidigro EM5026 is its excellent wetting properties. Aidigro EM5026 is label-free, dioxane under 75 ppm, and its property as a non-irritant even after prolonged contact makes it suitable for diverse agricultural use.",,√,,,,√,,,,,,,√,√,√,√,,√,√,,,,,,√,,,√,Proprietary,EU,English-KLK OLEO-Aidigro Your Biologicals Formulation Partner.pdf
37,Aidigro EM5126,Rapeseed oil ethoxylated,Aidigro EM5126 is a non-ionic surfactant based on rapeseed oil ethoxylate that functions as an emulsifier with adjuvancy benefits that boost the efficacy of agrochemical formulations,√,√,,,,,,,,,,,√,,√,,,√,,,,,,,,,,,,EU,English-KLK OLEO-Aidigro Your Biologicals Formulation Partner.pdf
38,Aidigro EM 5226,TSP-based ethoxylate,"Versatile emulsifier with ability to improve the stability and performance of agrochemical formulations, often with adjuvancy properties",√,√,√,,,,,,,,,,√,√,√,√,,√,√,,,,,,√,,√,,104376-75-2,EU,English-KLK OLEO-Aidigro Your Biologicals Formulation Partner.pdf
39,Aidigro EM5326,TSP-based ethoxylate,"A high performance non-ionic surfactant that functions as emulsifier in pesticides and aid in the dispersion and stability of active ingredients, often with additional dispersing and wetting properties",,√,√,,,,,√,,,,,√,√,√,√,,√,√,,,,,,,,√,,99734-09-5,EU,English-KLK OLEO-Aidigro Your Biologicals Formulation Partner.pdf
40,Aidigro DF5426,EO/PO block coplymer,"Versatile low foam dispersant with wetting and penetrating effects, compatible with microbial formulations ",,,√,,,,,√,,,,,√,,√,√,,,√,,,,,,,,,,9003-11-6.,EU,English-KLK OLEO-Aidigro Your Biologicals Formulation Partner.pdf
41,Aidigro DA5526,EO/PO block coplymer,Versatile low foaming non-ionic emulsifierfor oils and for solid dispersion in water based polymer dispersions based on EO/PO block copolymer,,√,√,,,,,,,,,,√,√,√,√,√,,,√,,,,,,,,,9003-11-6.,EU,English-KLK OLEO-Aidigro Your Biologicals Formulation Partner.pdf
42,Aidigro DA5626,Polyacrylate,Versatile dispersant and stabilizer for agrochemical formulations that can also function as a crystal growth inhibitor. It Is also used in seed coating ,,,√,√,,,,,,,,,,√,√,√,,√,,√,√,,,,,,√,,27756-15-6,EU,English-KLK OLEO-Aidigro Your Biologicals Formulation Partner.pdf
43,Aidigro EM5726,Blend,Effective general purpose emulsifier with wetting and adjuvancy properties,√,√,,,,√,,,,,,,√,√,√,,,√,,,,,,,,,,,N/A,EU,English-KLK OLEO-Agrochemicals Leaflet.pdf
44,Aidigro DF5826,Wax/mineral oil dispersion,A VOC-free defoaming specialty that also functions as a dispersing agent,,,√,,,,,√,,,,,√,√,√,√,√,,,√,,√,,,,,,,Proprietary,EU,English-KLK OLEO-Aidigro Your Biologicals Formulation Partner.pdf
45,Aidigro EM5926,EO-PO-EO Block Copolymer,A non-ionic versatile low foaming and highly effective emulsifier that can be used in a variety of formulation technologies,,√,√,,,,,√,,,,,√,√,√,√,√,,,√,,,√,,,,√,,9003-11-6.,EU,English-KLK OLEO-Agrochemicals Leaflet.pdf
46,SERVIROX OEG 59E,Castor oil + 31 EO (desalted),"Non-ionic, salt-free emulsifier and solubilizer with wetting for SL & SC; biodegradable; dissolves well in water and soluble in most organic solvents. Additional benefits includes  compatibility with microbial biopesticide formulations (bacteria and fungi) for foliar and root zone application",,√,,,,√,,,,,,,√,√,√,√,,√,√,,,,,,√,,√,,61791-12-6,EU,English-KLK OLEO-Aidigro Your Biologicals Formulation Partner.pdf
47,Hedipin-R/300,Castor oil + 30 EO ,Efficient general purpose nonionic water-in-oil emulsifier,,√,,,,,,,,,,,√,√,√,√,,√,√,,,,,,,,√,,61791-12-6,EU,English-KLK OLEO-Agrochemicals Leaflet.pdf
48,Hedipin-R/360,Castor oil + 36 EO ,Efficient general purpose nonionic water-in-oil emulsifier; biodegradable,,√,√,,,,,,,,,,√,√,√,√,,√,√,,,,,,,,√,,61791-12-6,EU,English-KLK OLEO-Aidigro Your Biologicals Formulation Partner.pdf
49,Hedipin-R/400,Castor oil + 40 EO ,"Efficient general purpose nonionic water-in-oil emulsifier; biodegrabable product, dissolves well in water,and soluble in alcohols, oils and fatty acids.",,√,,,,,,,,,,,√,√,√,√,,√,√,,,,,,,,√,,61791-12-6,EU,English-KLK OLEO-Agrochemicals Leaflet.pdf
50,Imbentin-T/060,POE(6) Isotridecyl alcohol,Non-ionic surfactant that functions as an emulsifier with wetting and adjuvancy properties in agro formulations,√,√,,,,√,,,,,,,√,√,√,√,√,√,√,,,,,,,,,,9043-30-5 / 24938-91-8,EU,English-KLK OLEO-Agrochemicals Leaflet.pdf
51,Imbentin-T/65,POE(10) Isotridecyl alcohol,Non-ionic surfactant that functions as an emulsifier with wetting and adjuvancy properties in agro formulations,√,√,,,,√,,,,,,,√,√,√,√,√,√,√,,,,,,,,√,,9043-30-5 / 24938-91-8,EU,English-KLK OLEO-Agrochemicals Leaflet.pdf
52,Imbentin-T/080,POE(8) Isotridecyl alcohol,Non-ionic surfactant that functions as an emulsifier with wetting and adjuvancy properties in agro formulations,√,√,,,,√,,,,,,,√,√,√,√,√,√,√,,,,,,,,√,,9043-30-5 / 24938-91-8,EU,English-KLK OLEO-Aidigro Your Biologicals Formulation Partner.pdf
53,Imbentin-T/090 90%,POE(9) Isotridecyl alcohol,Non-ionic surfactant that functions as an emulsifier with wetting and adjuvancy properties in agro formulations,√,√,,,,√,,,,,,,√,√,√,√,√,√,√,,,,,,,,√,,9043-30-5 / 24938-91-8,EU,English-KLK OLEO-Agrochemicals Leaflet.pdf
54,Imbentin-T/150 80%,POE(15) Isotridecyl alcohol,Non-ionic surfactant that functions as an emulsifier with wetting and adjuvancy properties in agro formulations,√,√,,,,√,,,,,,,√,√,√,√,√,√,√,,,,,,,,√,,9043-30-5 / 24938-91-8,EU,English-KLK OLEO-Agrochemicals Leaflet.pdf
55,Imbentin-C/91/040,C9-C11 alcohol ethoxylated,Non-ionic emulsifier with wetting and adjuvancy benefits in agochemical formulations ,√,√,,,,,,,,,,,√,√,,,√,,,√,,,,,,,,,68439-46-3,EU,English-KLK OLEO-Agrochemicals Leaflet.pdf
56,Imbentin-C/91/060,C9-C11 alcohol ethoxylated,Non-ionic emulsifier with wetting and adjuvancy benefits in agochemical formulations ,√,√,,,,,,,,,,,√,√,,,√,,,√,,,,,,,√,,68439-46-3,EU,English-KLK OLEO-Agrochemicals Leaflet.pdf
57,Imbentin-C/91/080,C9-C11 alcohol ethoxylated,Non-ionic emulsifier with wetting and adjuvancy benefits in agochemical formulations ,√,√,,,,,,,,,,,√,√,,,√,,,√,,,,,,,,,68439-46-3,EU,English-KLK OLEO-Agrochemicals Leaflet.pdf
58,Imbentin-C/125/030,C12-C15 oxoalcohol ethoxylated,Non-ionic surfactant based on synthetic alcohol that functions as amulsifying agent in agrochemical formulations. Additional benefits include wetting and adjuvancy in SL formulations,√,√,,,,√,,,,,,,√,,√,√,√,√,√,,,,,,,,√,,68131-39-5,EU,English-KLK OLEO-Agrochemicals Leaflet.pdf
59,Imbentin-C/125/060,C12-C15 oxoalcohol ethoxylated,Non-ionic surfactant based on synthetic alcohol that functions as amulsifying agent in agrochemical formulations. Additional benefits include wetting and adjuvancy in SL formulations,√,√,,,,√,,,,,,,√,,√,√,√,√,√,,,,,,,,√,,68131-39-5,EU,English-KLK OLEO-Agrochemicals Leaflet.pdf
60,Imbentin-C/125/070,C12-C15 oxoalcohol ethoxylated,Non-ionic surfactant based on synthetic alcohol that functions as amulsifying agent in agrochemical formulations. Additional benefits include wetting and adjuvancy in SL formulations,√,√,,,,√,,,,,,,√,,√,√,√,√,√,,,,,,,,√,,68131-39-5,EU,English-KLK OLEO-Agrochemicals Leaflet.pdf
61,Imbentin-AG/124S/020 (0),C12-C14 alcohol ethoxylated,Non-ionic emulsifier for agro formulations with wetting and adjuvancy properties,√,√,,,,√,,,,,,,√,√,√,√,√,,√,√,,,,,,,,,68439-50-9,EU,English-KLK OLEO-Agrochemicals Leaflet.pdf
62,Imbentin-AG/124S/080,C12-C14 alcohol ethoxylated,Non-ionic emulsifier for agro formulations with wetting and adjuvancy properties,√,√,,,,√,,,,,,,√,√,√,√,√,,√,√,,,,,,,,,68439-50-9,EU,English-KLK OLEO-Agrochemicals Leaflet.pdf
63,Imbentin-AG/124S/110 90 ,C12-C14 alcohol ethoxylated,Non-ionic emulsifier for agro formulations with wetting and adjuvancy properties,√,√,,,,√,,,,,,,√,√,√,√,√,,√,√,,,,,,,,,68439-50-9,EU,English-KLK OLEO-Agrochemicals Leaflet.pdf
64,Imbentin-AG/168S/110,C16-18 alcohol ethoxylated,Non-ionic surfactant and an effective oil-in-water emulsifier that also functions as a wetting and spreading agent. It is also highly effective in stabilizing emulsions and creating stable agrochemical formulations. ,,√,,,,√,,,,,,,√,√,√,√,,√,,√,,,,,,,√,,68439-49-6,EU,English-KLK OLEO-Agrochemicals Leaflet.pdf
65,Imbentin-AG/168S/250 (MB),C16-18 alcohol ethoxylated,Non-ionic surfactant and an effective oil-in-water emulsifier that also functions as a wetting and spreading agent. It is also effective in stabilizing emulsions and creating stable agrochemical formulations. ,,√,,,,√,,,,,,,√,√,√,√,,√,,√,,,,,,,√,,68439-49-6,EU,English-KLK OLEO-Agrochemicals Leaflet.pdf
66,Imbentin-AG/168S/800 (1),C16-18 alcohol ethoxylated,Non-ionic surfactant and an effective oil-in-water emulsifier that also functions as a wetting and spreading agent. It is also highly effective in stabilizing emulsions and creating stable agrochemical formulations. ,,√,,,,√,,,,,,,√,√,√,√,,√,,√,,,,,,,,,68439-49-6,EU,English-KLK OLEO-Agrochemicals Leaflet.pdf
67,Imbentin-POA/020 5055,"Natural, unsaturated C16-18 alcohol ethoxylated","Natural non-ionic surfactant with high emulsifying, dispersing and adjuvancy properties",√,√,√,,,,,,,,,,√,√,√,√,,√,,√,,,,,,,,,68920-66-1,EU,English-KLK OLEO-Agrochemicals Leaflet.pdf
68,Imbentin-POA/100,"Natural, unsaturated C16-18 alcohol ethoxylated","Natural non-ionic surfactant with high emulsifying, dispersing and adjuvancy properties",√,√,√,,,,,,,,,,√,√,√,√,,√,,√,,,,,,,√,,68920-66-1,EU,English-KLK OLEO-Agrochemicals Leaflet.pdf
69,Imbentin-POA/250 6065 E,"Natural, unsaturated C16-18 alcohol ethoxylated","Natural non-ionic surfactant with high emulsifying, dispersing and adjuvancy properties",√,√,√,,,,,,,,,,√,√,√,√,,√,,√,,,,,,,,,68920-66-1,EU,English-KLK OLEO-Agrochemicals Leaflet.pdf
70,Imbentin-E/100/060,Iso-C10 Alcohol ethoxylated,Effective oil-in-water emulsifier with adjuvancy effects.,√,√,,,,√,,,,,,,√,√,√,√,,√,,√,,,,,,,√,,78330-20-8,EU,English-KLK OLEO-Agrochemicals Leaflet.pdf
71,Imbentin-E/100/070 90%,Iso-C10 Alcohol ethoxylated,Effective oil-in-water emulsifier with adjuvancy effects.,√,√,,,,√,,,,,,,√,√,√,√,,√,,√,,,,,,,√,,78330-20-8,EU,English-KLK OLEO-Agrochemicals Leaflet.pdf
72,Imbentin-E/100/090,Iso-C10 Alcohol ethoxylated,Effective oil-in-water emulsifier with adjuvancy effects.,√,√,,,,√,,,,,,,√,√,√,√,,√,,√,,,,,,,√,,78330-20-8,EU,English-KLK OLEO-Agrochemicals Leaflet.pdf
73,Imbentin-G/100/080,POE(8) 2-propyl-1-heptanol,Effective oil-in-water emulsifier with adjuvancy effects.,√,√,,,,,,,,,,,√,√,√,√,,√,,√,,,,,,,√,,160875-66-1,EU,English-KLK OLEO-Agrochemicals Leaflet.pdf
74,Greenbentin-SG/845/AG (MB),EO/PO Adduct,A sustainable low foaming EO/PO adduct dispersant and stabiliser for SC and EC formulations.,,,√,,,,,√,,,,,√,,,√,√,,,√,,,,,,,√,,68439-51-0,EU,English-KLK OLEO-Agrochemicals Leaflet.pdf
75,Greenbentin-XES/070,Rapeseed oil methyl ester ethoxylated,Non-ionic emulsifier with stabilizing and solubilizing properties. Additional beneffits includes excellent wetting and also offers adjuvancy effect in agrochemical formulations,√,√,,,,,,,,,,,√,,,√,√,,,√,,,,,,,√,,518299-31-5,EU,English-KLK OLEO-Agrochemicals Leaflet.pdf
76,Greenbentin-XES/100,Rapeseed oil methyl ester ethoxylated,Non-ionic emulsifier with stabilizing and solubilizing properties. Additional beneffits includes excellent wetting and also offers adjuvancy effect in agrochemical formulations,√,√,,,,,,,,,,,√,,,√,√,,,√,,,,,,,√,,518299-31-5,EU,English-KLK OLEO-Aidigro Your Biologicals Formulation Partner.pdf
77,Kotilen-20,POE(20) Sorbitan monolaurate,An excellent general purpose emulsifier for oils and water in diverese formulations,,√,,,,,,,,,,,√,,,,√,,,√,,,,,,,√,,9005-64-5,EU,English-KLK OLEO-Agrochemicals Leaflet.pdf
78,Kotilen-80,POE (80) Sorbitan Monooleate,An excellent general purpose emulsifier for oils and water in diverese formulations,,√,,,,,,,,,,,√,,,,√,,,√,,,,,,,√,,9005-65-6,EU,English-KLK OLEO-Aidigro Your Biologicals Formulation Partner.pdf
79,SERWET WH,Dioctyl Sulfosuccinate Sodium Salt ,"A versatile, readily biodegegradable anionic surfactant, that functions as a high performing wetting agent and emulsifier. Available in different solvents and approved for food contact applications",,√,√,,,√,,,,,,,√,√,√,√,,,√,,,√,,,,,,,577-11-7,EU,English-KLK OLEO-Agrochemicals Leaflet.pdf
80,Aidigro PN123,Nonionic Surfactant (Silicone free),An effective tank-mix adjuvant that also functions as an emulsifier within EW formulation systems.,,√,,,,√,,,,,,√,√,√,√,√,√,,,√,√,,,,,,√,,Proprietary,MY,English-KLK OLEO-Aidigro PN123.pdf
81,Aidigro PN223,Nonionic Surfactant (Silicone free),An effective tank-mix adjuvant that enhances spray performance while providing excellent anti-drift properties.,,√,,,,√,,,,,√,√,√,√,√,√,√,,,√,√,,,,,,,,Proprietary,MY,English-KLK OLEO-Agrochemicals Leaflet.pdf
82,Aidigro PN323,Nonionic Surfactant (Silicone free),An effective tank-mix adjuvant that enhances spray performance.,,,,,,,,,,,,,,,√,√,√,,,√,√,,,,,,,,Proprietary,MY,English-KLK OLEO-Agrochemicals Leaflet.pdf
83,Aidigro GA 2425,Prioprietary Surfactant blend,"A ready-to-use, low-foaming in-can adjuvant formulated to enhance the performance of glyphosate (GA) and paraquat.",√,,,,,√,,,,,,,,,,,√,,,,,,,,,,,,Proprietary,MY,English-KLK OLEO-Agrochemicals Leaflet.pdf
84,Palmera A5608,Caprylic-Capric Acid,Serves as an active ingredient in the formulation of herbicides.,,,,,,,√,,,,,,√,,,,,,,,,,,,,,,,,MY,English-KLK OLEO-Agrochemicals Leaflet.pdf
85,Palmfonate 6703,Methyl Ester Sulphonate 30%,Wetting agent and adjuvant for Glufosinate and Paraquat and other water-soluble pesticides.,,,,,,√,,,,,,,,,,√,√,,,,,,,,,,,,"4016-24-4, 4062-78-6, 7732-18-5",MY,English-KLK OLEO-Agrochemicals Leaflet.pdf
86,Palmfonate 6709 F,Methyl Ester Sulphonate 90%,Wetting agent and adjuvant for Glufosinate and Paraquat and other water-soluble pesticides.,,,,,,√,,,,,,,,,,,,,,,,,,,,,,,"4016-24-4, 4062-78-6",MY,English-KLK OLEO-Agrochemicals Leaflet.pdf
87,Tensagex EOM370B,POE (1) Sodium Lauryl Ether Sulfate ,Wetting agent and adjuvant for Glufosinate and Paraquat and other water-soluble pesticides.,,,,,,√,,,,,,,,,,√,√,,,,,,,,,,√,,"68891-38-3, 7732-18-5	",MY,English-KLK OLEO-Agrochemicals Leaflet.pdf
88,Tensagex EOM670B,POE (2) Sodium Lauryl Ether Sulfate ,Wetting agent and adjuvant for Glufosinate and Paraquat and other water-soluble pesticides.,,,,,,√,,,,,,,,,,√,√,,,,,,,,,,√,,"68891-38-3, 7732-18-5",MY,English-KLK OLEO-Agrochemicals Leaflet.pdf
89,Palmera G995U,Glycerine 99.5%,Suitable as a humectant in SL and SC formulations.,,,,,,,,,,√,,,,,,√,√,,,,,,,,,,√,,56-81-5,MY,English-KLK OLEO-Agrochemicals Leaflet.pdf
90,Aidigro EM824,Silicon-free non-ionic surfactant,Suitable as a solvent for EC or OD and as a base for adjuvants. ,,√,,,,√,,,,,,,√,√,,,√,,,√,,,,,,,√,,Proprietary,MY,English-KLK OLEO-Agrochemicals Leaflet.pdf
91,Aidigro SV424,Methyl Caproate Caprate,Suitable as a solvent for EC or OD and as a base for adjuvants. ,,,,,√,,,,,,,,√,√,√,,,,,,,,,,,,,,	68937-83-7,MY,English-KLK OLEO-Aidigro SV-Green Solvent for Agrochemical.pdf
92,Aidigro SV524,Methyl Laurate Myristate,Suitable as a solvent for EC or OD and as a base for adjuvants. ,,,,,√,,,,,,,,√,√,√,,,,,,,√,,,,,√,,	67762-40-7,MY,English-KLK OLEO-Aidigro SV-Green Solvent for Agrochemical.pdf
93,Aidigro SV624,"Methyl Palmitate-Stearate PK, Refined",Suitable as a solvent for EC or OD and as a base for adjuvants. ,,,,,√,,,,,,,,√,√,√,,,,,,,√,,,,,√,,	67762-38-3,MY,English-KLK OLEO-Aidigro SV-Green Solvent for Agrochemical.pdf
94,Aidigro SV724,Methyl Oleate,Suitable as a solvent for EC or OD and as a base for adjuvants. ,,,,,√,,,,,,,,√,√,√,,,,,,,√,,,,,√,,	112-62-9 / 67762-38-3,MY,English-KLK OLEO-Aidigro SV-Green Solvent for Agrochemical.pdf
95,Aidigro SV1025,Methyl Oleate,Suitable as a solvent for EC or OD and as a base for adjuvants. ,,,,,√,,,,,,,,√,√,√,,,,,,,,,,,,√,,	112-62-9 / 67762-38-3	,MY,English-KLK OLEO-Aidigro SV-Green Solvent for Agrochemical.pdf
96,Aidigro SV2525,Methyl Laurate-Stearate ,Suitable as a solvent for EC or OD and as a base for adjuvants. ,,,,,√,,,,,,,,√,√,√,,,,,,,,,,,,√,,68937-84-8 / 1234694-02-0 / 91051-32-0,MY,English-KLK OLEO-Agrochemicals Leaflet.pdf
97,Tensopol P495,Sodium Lauryl Sulfate 95%,Enhances the disintegration of solid formulations.,,,,,,√,,,,,,,,,,,,,,√,√,,,,,,√,,85586-07-8,MY,English-KLK OLEO-Agrochemicals Leaflet.pdf
98,Tensopol L430SP,Sodium Lauryl Sulfate 28%,Enhances the disintegration of solid formulations.,,,,,,√,,,,,,,,,,,,,,√,√,,,,,,√,,"85586-07-8, 7732-18-5",MY,English-KLK OLEO-Agrochemicals Leaflet.pdf
99,Aidigro AD6026,Prioprietary Surfactant blend,Proprietary tank mix adjuvant with anti-drift property,,,,,,,,,,,√,√,,,,,,,,,,,,,,,,,Proprietary,MY,English-KLK OLEO-Agrochemicals Leaflet.pdf