source_url,source_sitemaps,crawl_status,action,destination,template,reason
https://www.klkoleo.com/,"[""page-sitemap.xml"",""page-sitemap.xml"",""page-sitemap.xml"",""page-sitemap.xml""]",captured,keep_page,/,standard-page,One-off editorial page.
https://www.klkoleo.com/11th-icis-asian-surfactants-conference/,"[""post-sitemap.xml""]",captured,cms_import,news-events,news-event-detail,Repeatable content from post-sitemap.xml.
https://www.klkoleo.com/?post_type=r3d,"[""r3d-sitemap.xml""]",captured,generate,/,archive-index,Collection index; generate from normalized CMS records.
https://www.klkoleo.com/?r3d=1841,"[""r3d-sitemap.xml""]",captured,cms_import,resources,resource-detail,Repeatable content from r3d-sitemap.xml.
https://www.klkoleo.com/?r3d=chinese-davoslife-revive-leaflet,"[""r3d-sitemap.xml""]",captured,cms_import,resources,resource-detail,Repeatable content from r3d-sitemap.xml.
https://www.klkoleo.com/?r3d=chinese-klk-oleo-corporate-profile-rise,"[""r3d-sitemap.xml""]",captured,cms_import,resources,resource-detail,Repeatable content from r3d-sitemap.xml.
https://www.klkoleo.com/?r3d=chinese-klk-oleo-sympare-mes,"[""r3d-sitemap.xml""]",captured,cms_import,resources,resource-detail,Repeatable content from r3d-sitemap.xml.
https://www.klkoleo.com/?r3d=davoslife-ageless-serum-fact-yvettes-overberg-testimonial,"[""r3d-sitemap.xml""]",captured,cms_import,resources,resource-detail,Repeatable content from r3d-sitemap.xml.
https://www.klkoleo.com/?r3d=davoslife-e3-tocotrienols,"[""r3d-sitemap.xml""]",captured,cms_import,resources,resource-detail,Repeatable content from r3d-sitemap.xml.
https://www.klkoleo.com/?r3d=davoslife-e3-tocotrienols-brochure,"[""r3d-sitemap.xml""]",captured,cms_import,resources,resource-detail,Repeatable content from r3d-sitemap.xml.
https://www.klkoleo.com/?r3d=davoslife-e3-tocotrienols-for-personal-care,"[""r3d-sitemap.xml""]",captured,cms_import,resources,resource-detail,Repeatable content from r3d-sitemap.xml.
https://www.klkoleo.com/?r3d=davoslife-e3-tocotrienols-new-age-bioactive,"[""r3d-sitemap.xml""]",captured,cms_import,resources,resource-detail,Repeatable content from r3d-sitemap.xml.
https://www.klkoleo.com/?r3d=davoslife-revive-leaflet,"[""r3d-sitemap.xml""]",captured,cms_import,resources,resource-detail,Repeatable content from r3d-sitemap.xml.
https://www.klkoleo.com/?r3d=de-assembly-terms-and-conditions-klk-emmerich,"[""r3d-sitemap.xml""]",captured,cms_import,resources,resource-detail,Repeatable content from r3d-sitemap.xml.
https://www.klkoleo.com/?r3d=de-assembly-terms-and-conditions-klke-dusseldorf,"[""r3d-sitemap.xml""]",failed_or_missing,manual_recovery,/,unresolved,The rendered crawl failed or is missing; recover the source before classifying or importing it.
https://www.klkoleo.com/?r3d=de-code-of-conduct-for-supplier-klk-emmerich,"[""r3d-sitemap.xml""]",captured,cms_import,resources,resource-detail,Repeatable content from r3d-sitemap.xml.
https://www.klkoleo.com/?r3d=de-general-terms-and-conditions-of-purchase-klk-emmerich,"[""r3d-sitemap.xml""]",failed_or_missing,manual_recovery,/,unresolved,The rendered crawl failed or is missing; recover the source before classifying or importing it.
https://www.klkoleo.com/?r3d=de-general-terms-and-conditions-of-sale-klk-emmerich,"[""r3d-sitemap.xml""]",failed_or_missing,manual_recovery,/,unresolved,The rendered crawl failed or is missing; recover the source before classifying or importing it.
https://www.klkoleo.com/?r3d=de-safety-guide-klk-emmerich,"[""r3d-sitemap.xml""]",failed_or_missing,manual_recovery,/,unresolved,The rendered crawl failed or is missing; recover the source before classifying or importing it.
https://www.klkoleo.com/?r3d=embrace-natural-beauty-with-klk-oleo,"[""r3d-sitemap.xml""]",captured,cms_import,resources,resource-detail,Repeatable content from r3d-sitemap.xml.
https://www.klkoleo.com/?r3d=eng-anti-corruption-policy-klk-group,"[""r3d-sitemap.xml""]",failed_or_missing,manual_recovery,/,unresolved,The rendered crawl failed or is missing; recover the source before classifying or importing it.
https://www.klkoleo.com/?r3d=eng-code-of-conduct-and-ethics-for-the-company-group-klk-group,"[""r3d-sitemap.xml""]",failed_or_missing,manual_recovery,/,unresolved,The rendered crawl failed or is missing; recover the source before classifying or importing it.
https://www.klkoleo.com/?r3d=eng-code-of-conduct-for-suppliers-klk-emmerich,"[""r3d-sitemap.xml""]",failed_or_missing,manual_recovery,/,unresolved,The rendered crawl failed or is missing; recover the source before classifying or importing it.
https://www.klkoleo.com/?r3d=eng-code-of-ethics-klktemix,"[""r3d-sitemap.xml""]",captured,cms_import,resources,resource-detail,Repeatable content from r3d-sitemap.xml.
https://www.klkoleo.com/?r3d=eng-general-conditions-of-sale-klktemix,"[""r3d-sitemap.xml""]",failed_or_missing,manual_recovery,/,unresolved,The rendered crawl failed or is missing; recover the source before classifying or importing it.
https://www.klkoleo.com/?r3d=eng-general-terms-and-conditions-for-the-purchase-of-goods-and-or-services-klk-oleo-group,"[""r3d-sitemap.xml""]",failed_or_missing,manual_recovery,/,unresolved,The rendered crawl failed or is missing; recover the source before classifying or importing it.
https://www.klkoleo.com/?r3d=eng-general-terms-and-conditions-of-purchase-klk-emmerich,"[""r3d-sitemap.xml""]",captured,cms_import,resources,resource-detail,Repeatable content from r3d-sitemap.xml.
https://www.klkoleo.com/?r3d=eng-general-terms-and-conditions-of-purchase-klk-kolb-specialties,"[""r3d-sitemap.xml""]",captured,cms_import,resources,resource-detail,Repeatable content from r3d-sitemap.xml.
https://www.klkoleo.com/?r3d=eng-general-terms-and-conditions-of-sale-klk-emmerich,"[""r3d-sitemap.xml""]",failed_or_missing,manual_recovery,/,unresolved,The rendered crawl failed or is missing; recover the source before classifying or importing it.
https://www.klkoleo.com/?r3d=eng-general-terms-and-conditions-of-sale-klk-tensachem,"[""r3d-sitemap.xml""]",failed_or_missing,manual_recovery,/,unresolved,The rendered crawl failed or is missing; recover the source before classifying or importing it.
https://www.klkoleo.com/?r3d=eng-general-terms-and-conditions-of-sale-or-supply-davos-malaysia,"[""r3d-sitemap.xml""]",captured,cms_import,resources,resource-detail,Repeatable content from r3d-sitemap.xml.
https://www.klkoleo.com/?r3d=eng-general-terms-and-conditions-of-sale-or-supply-davos-singapore,"[""r3d-sitemap.xml""]",captured,cms_import,resources,resource-detail,Repeatable content from r3d-sitemap.xml.
https://www.klkoleo.com/?r3d=eng-general-terms-and-conditions-of-sale-or-supply-klk-bioenergy,"[""r3d-sitemap.xml""]",captured,cms_import,resources,resource-detail,Repeatable content from r3d-sitemap.xml.
https://www.klkoleo.com/?r3d=eng-general-terms-and-conditions-of-sale-or-supply-klk-kolb-specialties,"[""r3d-sitemap.xml""]",failed_or_missing,manual_recovery,/,unresolved,The rendered crawl failed or is missing; recover the source before classifying or importing it.
https://www.klkoleo.com/?r3d=eng-general-terms-and-conditions-of-sale-or-supply-klkepong-oleomas,"[""r3d-sitemap.xml""]",captured,cms_import,resources,resource-detail,Repeatable content from r3d-sitemap.xml.
https://www.klkoleo.com/?r3d=eng-general-terms-and-conditions-of-sale-or-supply-klkoleo-shanghai,"[""r3d-sitemap.xml""]",captured,cms_import,resources,resource-detail,Repeatable content from r3d-sitemap.xml.
https://www.klkoleo.com/?r3d=eng-general-terms-and-conditions-of-sale-or-supply-palmoleo,"[""r3d-sitemap.xml""]",captured,cms_import,resources,resource-detail,Repeatable content from r3d-sitemap.xml.
https://www.klkoleo.com/?r3d=eng-general-terms-and-conditions-of-sale-or-supply-palmoleo-klang,"[""r3d-sitemap.xml""]",failed_or_missing,manual_recovery,/,unresolved,The rendered crawl failed or is missing; recover the source before classifying or importing it.
https://www.klkoleo.com/?r3d=eng-general-terms-and-conditions-of-sale-or-supply-taikopalmoleo,"[""r3d-sitemap.xml""]",captured,cms_import,resources,resource-detail,Repeatable content from r3d-sitemap.xml.
https://www.klkoleo.com/?r3d=eng-general-terms-and-conditions-of-technical-purchase-of-goods-works-services-klkkolbspecialties-drkolb,"[""r3d-sitemap.xml""]",captured,cms_import,resources,resource-detail,Repeatable content from r3d-sitemap.xml.
https://www.klkoleo.com/?r3d=eng-quality-environmental-safety-and-food-safety-policy-klktemix,"[""r3d-sitemap.xml""]",failed_or_missing,manual_recovery,/,unresolved,The rendered crawl failed or is missing; recover the source before classifying or importing it.
https://www.klkoleo.com/?r3d=eng-supplier-code-of-conduct-klk-group,"[""r3d-sitemap.xml""]",failed_or_missing,manual_recovery,/,unresolved,The rendered crawl failed or is missing; recover the source before classifying or importing it.
https://www.klkoleo.com/?r3d=eng-sustainability-policy-klk-group,"[""r3d-sitemap.xml""]",captured,cms_import,resources,resource-detail,Repeatable content from r3d-sitemap.xml.
https://www.klkoleo.com/?r3d=eng-whistleblowing-policy-klk-group,"[""r3d-sitemap.xml""]",captured,cms_import,resources,resource-detail,Repeatable content from r3d-sitemap.xml.
https://www.klkoleo.com/?r3d=italian-general-conditions-of-sale-klktemix,"[""r3d-sitemap.xml""]",captured,cms_import,resources,resource-detail,Repeatable content from r3d-sitemap.xml.
https://www.klkoleo.com/?r3d=italian-whistleblowing-policy-klktemix,"[""r3d-sitemap.xml""]",captured,cms_import,resources,resource-detail,Repeatable content from r3d-sitemap.xml.
https://www.klkoleo.com/?r3d=klk-oleo-agrochemical-industry,"[""r3d-sitemap.xml""]",captured,cms_import,resources,resource-detail,Repeatable content from r3d-sitemap.xml.
https://www.klkoleo.com/?r3d=klk-oleo-aidigro-ga-925,"[""r3d-sitemap.xml""]",captured,cms_import,resources,resource-detail,Repeatable content from r3d-sitemap.xml.
https://www.klkoleo.com/?r3d=klk-oleo-beauty-and-personal-care-brochure,"[""r3d-sitemap.xml""]",failed_or_missing,manual_recovery,/,unresolved,The rendered crawl failed or is missing; recover the source before classifying or importing it.
https://www.klkoleo.com/?r3d=klk-oleo-corporate-brochure,"[""r3d-sitemap.xml""]",captured,cms_import,resources,resource-detail,Repeatable content from r3d-sitemap.xml.
https://www.klkoleo.com/?r3d=klk-oleo-green-solutions-for-plastic-industries,"[""r3d-sitemap.xml""]",captured,cms_import,resources,resource-detail,Repeatable content from r3d-sitemap.xml.
https://www.klkoleo.com/?r3d=klk-oleo-green-solutions-for-plastic-industries-2,"[""r3d-sitemap.xml""]",captured,cms_import,resources,resource-detail,Repeatable content from r3d-sitemap.xml.
https://www.klkoleo.com/?r3d=klk-oleo-palmester-biolubricant-base-oil-for-mwf-neat-oil-applications,"[""r3d-sitemap.xml""]",failed_or_missing,manual_recovery,/,unresolved,The rendered crawl failed or is missing; recover the source before classifying or importing it.
https://www.klkoleo.com/?r3d=klk-oleo-palmester-biolubricant-base-oil-for-mwf-soluble-oil-applications,"[""r3d-sitemap.xml""]",captured,cms_import,resources,resource-detail,Repeatable content from r3d-sitemap.xml.
https://www.klkoleo.com/?r3d=klk-oleo-palmester-biolubricants-for-fire-resistant-hydraulic-fluid,"[""r3d-sitemap.xml""]",captured,cms_import,resources,resource-detail,Repeatable content from r3d-sitemap.xml.
https://www.klkoleo.com/?r3d=klk-oleo-palmester-mct-davoslife-e3-tocotrienols,"[""r3d-sitemap.xml""]",captured,cms_import,resources,resource-detail,Repeatable content from r3d-sitemap.xml.
https://www.klkoleo.com/?r3d=klk-oleo-palmfonate-mes,"[""r3d-sitemap.xml""]",captured,cms_import,resources,resource-detail,Repeatable content from r3d-sitemap.xml.
https://www.klkoleo.com/?r3d=klk-oleo-palmfonate-mes-brochure,"[""r3d-sitemap.xml""]",captured,cms_import,resources,resource-detail,Repeatable content from r3d-sitemap.xml.
https://www.klkoleo.com/?r3d=klk-oleo-polysorbates-sorbitan-esters-brochure,"[""r3d-sitemap.xml""]",captured,cms_import,resources,resource-detail,Repeatable content from r3d-sitemap.xml.
https://www.klkoleo.com/?r3d=klk-oleo-sympare-mes-brochure,"[""r3d-sitemap.xml""]",captured,cms_import,resources,resource-detail,Repeatable content from r3d-sitemap.xml.
https://www.klkoleo.com/?r3d=klk-oleo-tailored-solutions-transformative-beauty,"[""r3d-sitemap.xml""]",captured,cms_import,resources,resource-detail,Repeatable content from r3d-sitemap.xml.
https://www.klkoleo.com/?r3d=klk-oleo-tailored-solutions-transformative-beauty-copy,"[""r3d-sitemap.xml""]",captured,cms_import,resources,resource-detail,Repeatable content from r3d-sitemap.xml.
https://www.klkoleo.com/?r3d=klk-oleos-traceability,"[""r3d-sitemap.xml""]",failed_or_missing,manual_recovery,/,unresolved,The rendered crawl failed or is missing; recover the source before classifying or importing it.
https://www.klkoleo.com/?r3d=klk-refineries-corporate-brochure,"[""r3d-sitemap.xml""]",captured,cms_import,resources,resource-detail,Repeatable content from r3d-sitemap.xml.
https://www.klkoleo.com/?r3d=klk-sustainability-report-2021,"[""r3d-sitemap.xml""]",failed_or_missing,manual_recovery,/,unresolved,The rendered crawl failed or is missing; recover the source before classifying or importing it.
https://www.klkoleo.com/?r3d=klkcare-report-2023,"[""r3d-sitemap.xml""]",captured,cms_import,resources,resource-detail,Repeatable content from r3d-sitemap.xml.
https://www.klkoleo.com/?r3d=lets-talk-about-sustainable-palm-oil,"[""r3d-sitemap.xml""]",captured,cms_import,resources,resource-detail,Repeatable content from r3d-sitemap.xml.
https://www.klkoleo.com/?r3d=madhev-retirement-photo-book,"[""r3d-sitemap.xml""]",captured,cms_import,resources,resource-detail,Repeatable content from r3d-sitemap.xml.
https://www.klkoleo.com/?r3d=methyl-ester-sulphonates-mes-a-living-innovation,"[""r3d-sitemap.xml""]",captured,cms_import,resources,resource-detail,Repeatable content from r3d-sitemap.xml.
https://www.klkoleo.com/?r3d=palmester-3575-medium-chain-triglycerides-mct,"[""r3d-sitemap.xml""]",captured,cms_import,resources,resource-detail,Repeatable content from r3d-sitemap.xml.
https://www.klkoleo.com/?r3d=palmester-3970-for-automotive-lubricant-applications,"[""r3d-sitemap.xml""]",captured,cms_import,resources,resource-detail,Repeatable content from r3d-sitemap.xml.
https://www.klkoleo.com/?r3d=palmester-3976-pentaerythritol-tetrastearate-pets-for-polycarbonate-application,"[""r3d-sitemap.xml""]",captured,cms_import,resources,resource-detail,Repeatable content from r3d-sitemap.xml.
https://www.klkoleo.com/?r3d=palmester-biolubricant-base-oils-english,"[""r3d-sitemap.xml""]",captured,cms_import,resources,resource-detail,Repeatable content from r3d-sitemap.xml.
https://www.klkoleo.com/?r3d=palmester-biolubricants-for-frhf-applications,"[""r3d-sitemap.xml""]",captured,cms_import,resources,resource-detail,Repeatable content from r3d-sitemap.xml.
https://www.klkoleo.com/?r3d=palmester-biolubricants-for-frhf-applications-copy,"[""r3d-sitemap.xml""]",captured,cms_import,resources,resource-detail,Repeatable content from r3d-sitemap.xml.
https://www.klkoleo.com/?r3d=palmester-mct-food-nutrition-industry,"[""r3d-sitemap.xml""]",captured,cms_import,resources,resource-detail,Repeatable content from r3d-sitemap.xml.
https://www.klkoleo.com/?r3d=palmfonate-methyl-ester-sulphonate,"[""r3d-sitemap.xml""]",captured,cms_import,resources,resource-detail,Repeatable content from r3d-sitemap.xml.
https://www.klkoleo.com/?r3d=palmocol-alkanolamides-cares-like-no-other,"[""r3d-sitemap.xml""]",captured,cms_import,resources,resource-detail,Repeatable content from r3d-sitemap.xml.
https://www.klkoleo.com/?r3d=palmowax-ethylene-bis-stearamide-ebs-for-abs-application,"[""r3d-sitemap.xml""]",captured,cms_import,resources,resource-detail,Repeatable content from r3d-sitemap.xml.
https://www.klkoleo.com/?r3d=sustainability-progress-report-3rd,"[""r3d-sitemap.xml""]",captured,cms_import,resources,resource-detail,Repeatable content from r3d-sitemap.xml.
https://www.klkoleo.com/?r3d=sustainability-report,"[""r3d-sitemap.xml""]",captured,cms_import,resources,resource-detail,Repeatable content from r3d-sitemap.xml.
https://www.klkoleo.com/?r3d=tensianol-syndets-bases,"[""r3d-sitemap.xml""]",captured,cms_import,resources,resource-detail,Repeatable content from r3d-sitemap.xml.
https://www.klkoleo.com/accreditations/,"[""page-sitemap.xml"",""page-sitemap.xml"",""page-sitemap.xml""]",captured,keep_page,/accreditations/,standard-page,One-off editorial page.
https://www.klkoleo.com/archive-by-year/2020/,"[""archive-by-year-sitemap.xml""]",captured,generate,/archive-by-year/2020/,archive-index,Generate from CMS taxonomy; do not create a standalone record.
https://www.klkoleo.com/archive-by-year/2021/,"[""archive-by-year-sitemap.xml""]",captured,generate,/archive-by-year/2021/,archive-index,Generate from CMS taxonomy; do not create a standalone record.
https://www.klkoleo.com/archive-by-year/2022/,"[""archive-by-year-sitemap.xml""]",captured,generate,/archive-by-year/2022/,archive-index,Generate from CMS taxonomy; do not create a standalone record.
https://www.klkoleo.com/archive-by-year/2023/,"[""archive-by-year-sitemap.xml""]",captured,generate,/archive-by-year/2023/,archive-index,Generate from CMS taxonomy; do not create a standalone record.
https://www.klkoleo.com/archive-by-year/2024/,"[""archive-by-year-sitemap.xml""]",captured,generate,/archive-by-year/2024/,archive-index,Generate from CMS taxonomy; do not create a standalone record.
https://www.klkoleo.com/archive-by-year/2025/,"[""archive-by-year-sitemap.xml""]",captured,generate,/archive-by-year/2025/,archive-index,Generate from CMS taxonomy; do not create a standalone record.
https://www.klkoleo.com/archive-by-year/2026/,"[""archive-by-year-sitemap.xml""]",captured,generate,/archive-by-year/2026/,archive-index,Generate from CMS taxonomy; do not create a standalone record.
https://www.klkoleo.com/author/1gsdd/,"[""author-sitemap.xml""]",captured,generate,/author/1gsdd/,archive-index,Generate from CMS taxonomy; do not create a standalone record.
https://www.klkoleo.com/author/klkoleo/,"[""author-sitemap.xml""]",captured,generate,/author/klkoleo/,archive-index,Generate from CMS taxonomy; do not create a standalone record.
https://www.klkoleo.com/brand/,"[""brand-sitemap.xml""]",captured,generate,/brand/,archive-index,Collection index; generate from normalized CMS records.
https://www.klkoleo.com/brand/davoslife-biocarotene-palm-mixed-carotenes/,"[""brand-sitemap.xml"",""brand-sitemap.xml"",""brand-sitemap.xml""]",captured,review_collection_scope,brands,brand-detail,"Confirm whether this is a main-family brand or market-owned record, then map its site and collection. Do not discard solely because it is absent from the main eight-family catalogue."
https://www.klkoleo.com/brand/davoslife-e3-tocotrienols/,"[""brand-sitemap.xml"",""brand-sitemap.xml"",""brand-sitemap.xml""]",captured,review_collection_scope,brands,brand-detail,"Confirm whether this is a main-family brand or market-owned record, then map its site and collection. Do not discard solely because it is absent from the main eight-family catalogue."
https://www.klkoleo.com/brand/edenor-glycerine-pharma-grade/,"[""brand-sitemap.xml"",""brand-sitemap.xml"",""brand-sitemap.xml""]",captured,review_collection_scope,brands,brand-detail,"Confirm whether this is a main-family brand or market-owned record, then map its site and collection. Do not discard solely because it is absent from the main eight-family catalogue."
https://www.klkoleo.com/brand/edenor-triacetin/,"[""brand-sitemap.xml""]",captured,cms_import,brands,brand-detail,Referenced by an in-scope main product family.
https://www.klkoleo.com/brand/greenbentin-ethoxylates-alkoxylates/,"[""brand-sitemap.xml"",""brand-sitemap.xml"",""brand-sitemap.xml""]",captured,cms_import,brands,brand-detail,Referenced by an in-scope main product family.
https://www.klkoleo.com/brand/hedilub-alkoxylates-esters/,"[""brand-sitemap.xml"",""brand-sitemap.xml"",""brand-sitemap.xml""]",captured,cms_import,brands,brand-detail,Referenced by an in-scope main product family.
https://www.klkoleo.com/brand/hedipin-alkoxylates-triglyceride-ethoxylates-esters/,"[""brand-sitemap.xml"",""brand-sitemap.xml"",""brand-sitemap.xml""]",captured,cms_import,brands,brand-detail,Referenced by an in-scope main product family.
https://www.klkoleo.com/brand/hedjuvan-polysorbates-sorbitan-esters-and-polyethylene-glycols/,"[""brand-sitemap.xml"",""brand-sitemap.xml"",""brand-sitemap.xml""]",captured,review_collection_scope,brands,brand-detail,"Confirm whether this is a main-family brand or market-owned record, then map its site and collection. Do not discard solely because it is absent from the main eight-family catalogue."
https://www.klkoleo.com/brand/imbentin-ethoxylates-alkoxylates/,"[""brand-sitemap.xml"",""brand-sitemap.xml"",""brand-sitemap.xml""]",captured,cms_import,brands,brand-detail,Referenced by an in-scope main product family.
https://www.klkoleo.com/brand/kosteran-sorbitan-esters/,"[""brand-sitemap.xml"",""brand-sitemap.xml"",""brand-sitemap.xml""]",captured,cms_import,brands,brand-detail,Referenced by an in-scope main product family.
https://www.klkoleo.com/brand/kotilen-sorbitan-ester-ethoxylates-polysorbates/,"[""brand-sitemap.xml"",""brand-sitemap.xml"",""brand-sitemap.xml""]",captured,cms_import,brands,brand-detail,Referenced by an in-scope main product family.
https://www.klkoleo.com/brand/palmera-fatty-acids/,"[""brand-sitemap.xml"",""brand-sitemap.xml"",""brand-sitemap.xml""]",captured,cms_import,brands,brand-detail,Referenced by an in-scope main product family.
https://www.klkoleo.com/brand/palmera-glycerine/,"[""brand-sitemap.xml"",""brand-sitemap.xml"",""brand-sitemap.xml""]",captured,cms_import,brands,brand-detail,Referenced by an in-scope main product family.
https://www.klkoleo.com/brand/palmere-methyl-esters/,"[""brand-sitemap.xml"",""brand-sitemap.xml"",""brand-sitemap.xml""]",captured,cms_import,brands,brand-detail,Referenced by an in-scope main product family.
https://www.klkoleo.com/brand/palmergy-biodiesels/,"[""brand-sitemap.xml"",""brand-sitemap.xml"",""brand-sitemap.xml""]",captured,cms_import,brands,brand-detail,Referenced by an in-scope main product family.
https://www.klkoleo.com/brand/palmerol-fatty-alcohols/,"[""brand-sitemap.xml"",""brand-sitemap.xml"",""brand-sitemap.xml""]",captured,cms_import,brands,brand-detail,Referenced by an in-scope main product family.
https://www.klkoleo.com/brand/palmester-fatty-acid-esters/,"[""brand-sitemap.xml"",""brand-sitemap.xml"",""brand-sitemap.xml""]",captured,cms_import,brands,brand-detail,Referenced by an in-scope main product family.
https://www.klkoleo.com/brand/palmfonate-methyl-ester-sulphonates/,"[""brand-sitemap.xml"",""brand-sitemap.xml"",""brand-sitemap.xml""]",captured,cms_import,brands,brand-detail,Referenced by an in-scope main product family.
https://www.klkoleo.com/brand/palmocol-alkanolamides/,"[""brand-sitemap.xml"",""brand-sitemap.xml"",""brand-sitemap.xml""]",captured,cms_import,brands,brand-detail,Referenced by an in-scope main product family.
https://www.klkoleo.com/brand/palmosalt-soap-noodles/,"[""brand-sitemap.xml"",""brand-sitemap.xml"",""brand-sitemap.xml""]",captured,cms_import,brands,brand-detail,Referenced by an in-scope main product family.
https://www.klkoleo.com/brand/palmowax-fatty-acid-bis-amides/,"[""brand-sitemap.xml"",""brand-sitemap.xml"",""brand-sitemap.xml""]",captured,cms_import,brands,brand-detail,Referenced by an in-scope main product family.
https://www.klkoleo.com/brand/plantera-esters/,"[""brand-sitemap.xml"",""brand-sitemap.xml"",""brand-sitemap.xml""]",captured,cms_import,brands,brand-detail,Referenced by an in-scope main product family.
https://www.klkoleo.com/brand/plantera-fatty-acids/,"[""brand-sitemap.xml"",""brand-sitemap.xml"",""brand-sitemap.xml""]",captured,cms_import,brands,brand-detail,Referenced by an in-scope main product family.
https://www.klkoleo.com/brand/sympare-methyl-ester-sulphonates/,"[""brand-sitemap.xml"",""brand-sitemap.xml"",""brand-sitemap.xml""]",captured,cms_import,brands,brand-detail,Referenced by an in-scope main product family.
https://www.klkoleo.com/brand/sympatens-fatty-alcohol-fatty-acid-ethoxylates-triglyceride-ethoxylates/,"[""brand-sitemap.xml"",""brand-sitemap.xml"",""brand-sitemap.xml""]",captured,cms_import,brands,brand-detail,Referenced by an in-scope main product family.
https://www.klkoleo.com/brand/temest-esters/,"[""brand-sitemap.xml"",""brand-sitemap.xml"",""brand-sitemap.xml""]",captured,cms_import,brands,brand-detail,Referenced by an in-scope main product family.
https://www.klkoleo.com/brand/tensagex-alcohol-ether-sulphates/,"[""brand-sitemap.xml"",""brand-sitemap.xml"",""brand-sitemap.xml""]",captured,cms_import,brands,brand-detail,Referenced by an in-scope main product family.
https://www.klkoleo.com/brand/tensaryl-linear-alkylbenzene-sulphonates-sulphonic-acids/,"[""brand-sitemap.xml"",""brand-sitemap.xml"",""brand-sitemap.xml""]",captured,cms_import,brands,brand-detail,Referenced by an in-scope main product family.
https://www.klkoleo.com/brand/tensomild-sulphosuccinates/,"[""brand-sitemap.xml"",""brand-sitemap.xml"",""brand-sitemap.xml""]",captured,cms_import,brands,brand-detail,Referenced by an in-scope main product family.
https://www.klkoleo.com/brand/tensopol-alcohol-sulphates/,"[""brand-sitemap.xml"",""brand-sitemap.xml"",""brand-sitemap.xml""]",captured,cms_import,brands,brand-detail,Referenced by an in-scope main product family.
https://www.klkoleo.com/brand/traded-products/,"[""brand-sitemap.xml"",""brand-sitemap.xml"",""brand-sitemap.xml""]",captured,review_collection_scope,brands,brand-detail,"Confirm whether this is a main-family brand or market-owned record, then map its site and collection. Do not discard solely because it is absent from the main eight-family catalogue."
https://www.klkoleo.com/brandhub-palmestermct/,"[""page-sitemap.xml""]",captured,keep_page,/brandhub-palmestermct/,standard-page,One-off editorial page.
https://www.klkoleo.com/careers-2/,"[""page-sitemap.xml""]",captured,system_config,,system,"Form, commerce, test, or staging utility; do not migrate as editorial content."
https://www.klkoleo.com/careers/,"[""page-sitemap.xml""]",captured,keep_page,/careers/,standard-page,One-off editorial page.
https://www.klkoleo.com/cart/,"[""page-sitemap.xml""]",captured,system_config,,system,"Form, commerce, test, or staging utility; do not migrate as editorial content."
https://www.klkoleo.com/category/events/,"[""category-sitemap.xml""]",captured,generate,/category/events/,archive-index,Generate from CMS taxonomy; do not create a standalone record.
https://www.klkoleo.com/category/food-nutrition/,"[""category-sitemap.xml""]",captured,generate,/category/food-nutrition/,archive-index,Generate from CMS taxonomy; do not create a standalone record.
https://www.klkoleo.com/checkout/,"[""page-sitemap.xml""]",captured,system_config,,system,"Form, commerce, test, or staging utility; do not migrate as editorial content."
https://www.klkoleo.com/chem-expo-india/,"[""post-sitemap.xml""]",captured,cms_import,news-events,news-event-detail,Repeatable content from post-sitemap.xml.
https://www.klkoleo.com/chemexpo-india/,"[""post-sitemap.xml""]",captured,cms_import,news-events,news-event-detail,Repeatable content from post-sitemap.xml.
https://www.klkoleo.com/china-international-agrochemical-crop-protection-exhibition-cac/,"[""post-sitemap.xml""]",captured,cms_import,news-events,news-event-detail,Repeatable content from post-sitemap.xml.
https://www.klkoleo.com/chinaplas/,"[""post-sitemap.xml""]",captured,cms_import,news-events,news-event-detail,Repeatable content from post-sitemap.xml.
https://www.klkoleo.com/company/,"[""page-sitemap.xml""]",captured,system_config,,system,"Form, commerce, test, or staging utility; do not migrate as editorial content."
https://www.klkoleo.com/company/klk-oleo-brief/,"[""page-sitemap.xml"",""page-sitemap.xml"",""page-sitemap.xml""]",captured,keep_page,/company/klk-oleo-brief/,standard-page,One-off editorial page.
https://www.klkoleo.com/contact-us-staging/,"[""page-sitemap.xml""]",captured,system_config,,system,"Form, commerce, test, or staging utility; do not migrate as editorial content."
https://www.klkoleo.com/contact-us/,"[""page-sitemap.xml"",""page-sitemap.xml"",""page-sitemap.xml""]",captured,keep_page,/contact-us/,standard-page,One-off editorial page.
https://www.klkoleo.com/corporate-responsibility/,"[""page-sitemap.xml"",""page-sitemap.xml"",""page-sitemap.xml""]",captured,keep_page,/corporate-responsibility/,standard-page,One-off editorial page.
https://www.klkoleo.com/cosmetics-home-care-ingredients/,"[""post-sitemap.xml""]",captured,cms_import,news-events,news-event-detail,Repeatable content from post-sitemap.xml.
https://www.klkoleo.com/cphi-frankfurt/,"[""post-sitemap.xml""]",captured,cms_import,news-events,news-event-detail,Repeatable content from post-sitemap.xml.
https://www.klkoleo.com/cphi/,"[""post-sitemap.xml""]",captured,cms_import,news-events,news-event-detail,Repeatable content from post-sitemap.xml.
https://www.klkoleo.com/cv-form/,"[""page-sitemap.xml""]",captured,system_config,,system,"Form, commerce, test, or staging utility; do not migrate as editorial content."
https://www.klkoleo.com/disclaimer/,"[""page-sitemap.xml"",""page-sitemap.xml"",""page-sitemap.xml""]",captured,keep_page,/disclaimer/,standard-page,One-off editorial page.
https://www.klkoleo.com/environmental-management-in-klk-oleo/,"[""page-sitemap.xml"",""page-sitemap.xml"",""page-sitemap.xml""]",captured,keep_page,/environmental-management-in-klk-oleo/,standard-page,One-off editorial page.
https://www.klkoleo.com/european-coating-show-ecs/,"[""post-sitemap.xml""]",captured,cms_import,news-events,news-event-detail,Repeatable content from post-sitemap.xml.
https://www.klkoleo.com/events/,"[""page-sitemap.xml"",""page-sitemap.xml"",""page-sitemap.xml""]",captured,keep_page,/events/,standard-page,One-off editorial page.
https://www.klkoleo.com/food-ingredients-europe/,"[""post-sitemap.xml""]",captured,cms_import,news-events,news-event-detail,Repeatable content from post-sitemap.xml.
https://www.klkoleo.com/general-enquiry/,"[""page-sitemap.xml""]",captured,system_config,,system,"Form, commerce, test, or staging utility; do not migrate as editorial content."
https://www.klkoleo.com/governance-and-policies/,"[""page-sitemap.xml""]",captured,keep_page,/governance-and-policies/,standard-page,One-off editorial page.
https://www.klkoleo.com/history-milestones/,"[""page-sitemap.xml"",""page-sitemap.xml"",""page-sitemap.xml""]",captured,keep_page,/history-milestones/,standard-page,One-off editorial page.
https://www.klkoleo.com/hub/,"[""hub-sitemap.xml""]",failed_or_missing,generate,/hub/,archive-index,Collection index; generate from normalized CMS records.
https://www.klkoleo.com/hub/palmester-mct-a-carrier-for-flavour-fragrances/,"[""hub-sitemap.xml""]",captured,cms_import,knowledge-hubs,editorial-detail,Repeatable content from hub-sitemap.xml.
https://www.klkoleo.com/hub/palmester-mct-a-fat-substitute-for-infant-formula/,"[""hub-sitemap.xml""]",captured,cms_import,knowledge-hubs,editorial-detail,Repeatable content from hub-sitemap.xml.
https://www.klkoleo.com/hub/palmester-mct-a-functional-ingredient-for-multiple-efficacies-in-personal-care/,"[""hub-sitemap.xml""]",captured,cms_import,knowledge-hubs,editorial-detail,Repeatable content from hub-sitemap.xml.
https://www.klkoleo.com/hub/palmester-mct-a-gut-health/,"[""hub-sitemap.xml""]",captured,cms_import,knowledge-hubs,editorial-detail,Repeatable content from hub-sitemap.xml.
https://www.klkoleo.com/hub/palmester-mct-a-pharma-excipient/,"[""hub-sitemap.xml""]",captured,cms_import,knowledge-hubs,editorial-detail,Repeatable content from hub-sitemap.xml.
https://www.klkoleo.com/hub/palmester-mct-a-solution-for-animal-nutrition/,"[""hub-sitemap.xml""]",captured,cms_import,knowledge-hubs,editorial-detail,Repeatable content from hub-sitemap.xml.
https://www.klkoleo.com/hub/palmester-mct-an-energy-booster-for-better-athletic-performance/,"[""hub-sitemap.xml""]",captured,cms_import,knowledge-hubs,editorial-detail,Repeatable content from hub-sitemap.xml.
https://www.klkoleo.com/hub/palmester-mct-beneficial-for-weight-management/,"[""hub-sitemap.xml""]",captured,cms_import,knowledge-hubs,editorial-detail,Repeatable content from hub-sitemap.xml.
https://www.klkoleo.com/hub/palmester-mct-healthy-lipid-source-for-healthier-lifestyle/,"[""hub-sitemap.xml""]",captured,cms_import,knowledge-hubs,editorial-detail,Repeatable content from hub-sitemap.xml.
https://www.klkoleo.com/hub/palmester-mct-solution-for-human-cognitive-health/,"[""hub-sitemap.xml""]",captured,cms_import,knowledge-hubs,editorial-detail,Repeatable content from hub-sitemap.xml.
https://www.klkoleo.com/hub/palmester-medium-chain-triglycerides-oil/,"[""hub-sitemap.xml""]",captured,cms_import,knowledge-hubs,editorial-detail,Repeatable content from hub-sitemap.xml.
https://www.klkoleo.com/hub/palmester-medium-chain-triglycerides-powder/,"[""hub-sitemap.xml""]",captured,cms_import,knowledge-hubs,editorial-detail,Repeatable content from hub-sitemap.xml.
https://www.klkoleo.com/in-cosmetic-global/,"[""post-sitemap.xml""]",captured,cms_import,news-events,news-event-detail,Repeatable content from post-sitemap.xml.
https://www.klkoleo.com/in-cosmetics-asia-2/,"[""post-sitemap.xml""]",captured,cms_import,news-events,news-event-detail,Repeatable content from post-sitemap.xml.
https://www.klkoleo.com/in-cosmetics-asia/,"[""post-sitemap.xml""]",captured,cms_import,news-events,news-event-detail,Repeatable content from post-sitemap.xml.
https://www.klkoleo.com/in-cosmetics-global/,"[""post-sitemap.xml""]",captured,cms_import,news-events,news-event-detail,Repeatable content from post-sitemap.xml.
https://www.klkoleo.com/in-cosmetics-korea/,"[""post-sitemap.xml""]",captured,cms_import,news-events,news-event-detail,Repeatable content from post-sitemap.xml.
https://www.klkoleo.com/in-cosmetics-latin-america/,"[""post-sitemap.xml""]",captured,cms_import,news-events,news-event-detail,Repeatable content from post-sitemap.xml.
https://www.klkoleo.com/k-2/,"[""post-sitemap.xml""]",captured,cms_import,news-events,news-event-detail,Repeatable content from post-sitemap.xml.
https://www.klkoleo.com/karier/,"[""page-sitemap.xml""]",captured,keep_page,/karier/,standard-page,One-off editorial page.
https://www.klkoleo.com/kl-kepong-oleomas-sdn-bhd/,"[""page-sitemap.xml"",""page-sitemap.xml"",""page-sitemap.xml""]",captured,cms_import,locations,location-detail,Repeatable facility/location record.
https://www.klkoleo.com/klk-bioenergy-sdn-bhd/,"[""page-sitemap.xml"",""page-sitemap.xml"",""page-sitemap.xml""]",captured,cms_import,locations,location-detail,Repeatable facility/location record.
https://www.klkoleo.com/klk-oleo-americas-inc/,"[""page-sitemap.xml"",""page-sitemap.xml""]",captured,cms_import,locations,location-detail,Repeatable facility/location record.
https://www.klkoleo.com/klkemmerich/,"[""page-sitemap.xml"",""page-sitemap.xml""]",captured,cms_import,locations,location-detail,Repeatable facility/location record.
https://www.klkoleo.com/klkoleo-india/,"[""page-sitemap.xml""]",captured,cms_import,locations,location-detail,Repeatable facility/location record.
https://www.klkoleo.com/klktemix/,"[""page-sitemap.xml""]",captured,cms_import,locations,location-detail,Repeatable facility/location record.
https://www.klkoleo.com/klktensachem/,"[""page-sitemap.xml"",""page-sitemap.xml"",""page-sitemap.xml""]",captured,cms_import,locations,location-detail,Repeatable facility/location record.
https://www.klkoleo.com/lubricant-expo-europe/,"[""post-sitemap.xml""]",captured,cms_import,news-events,news-event-detail,Repeatable content from post-sitemap.xml.
https://www.klkoleo.com/lubricant-expo-north-america/,"[""post-sitemap.xml""]",captured,cms_import,news-events,news-event-detail,Repeatable content from post-sitemap.xml.
https://www.klkoleo.com/making-cosmetics-2/,"[""post-sitemap.xml""]",captured,cms_import,news-events,news-event-detail,Repeatable content from post-sitemap.xml.
https://www.klkoleo.com/making-cosmetics/,"[""post-sitemap.xml""]",captured,cms_import,news-events,news-event-detail,Repeatable content from post-sitemap.xml.
https://www.klkoleo.com/more-general-form/,"[""page-sitemap.xml""]",captured,system_config,,system,"Form, commerce, test, or staging utility; do not migrate as editorial content."
https://www.klkoleo.com/my-account/,"[""page-sitemap.xml""]",captured,system_config,,system,"Form, commerce, test, or staging utility; do not migrate as editorial content."
https://www.klkoleo.com/news-category/corporate/,"[""news-category-sitemap.xml""]",captured,generate,/news-category/corporate/,archive-index,Generate from CMS taxonomy; do not create a standalone record.
https://www.klkoleo.com/news-category/exhibition/,"[""news-category-sitemap.xml""]",captured,generate,/news-category/exhibition/,archive-index,Generate from CMS taxonomy; do not create a standalone record.
https://www.klkoleo.com/news-category/product/,"[""news-category-sitemap.xml""]",captured,generate,/news-category/product/,archive-index,Generate from CMS taxonomy; do not create a standalone record.
https://www.klkoleo.com/news-category/sustainability/,"[""news-category-sitemap.xml""]",captured,generate,/news-category/sustainability/,archive-index,Generate from CMS taxonomy; do not create a standalone record.
https://www.klkoleo.com/news-media/,"[""news-media-sitemap.xml""]",captured,generate,/news-media/,archive-index,Collection index; generate from normalized CMS records.
https://www.klkoleo.com/news-media/bridging-heritage-and-innovation-with-klk-oleos-refreshed-logo/,"[""news-media-sitemap.xml""]",captured,cms_import,news-events,news-event-detail,Repeatable content from news-media-sitemap.xml.
https://www.klkoleo.com/news-media/celebrating-100-years-of-excellence-in-delden/,"[""news-media-sitemap.xml""]",captured,cms_import,news-events,news-event-detail,Repeatable content from news-media-sitemap.xml.
https://www.klkoleo.com/news-media/commander-of-the-order-of-leopold-ii-award/,"[""news-media-sitemap.xml""]",captured,cms_import,news-events,news-event-detail,Repeatable content from news-media-sitemap.xml.
https://www.klkoleo.com/news-media/courtesy-visit-to-por-and-klkom-by-the-belgium-ambassador-to-malaysia/,"[""news-media-sitemap.xml""]",captured,cms_import,news-events,news-event-detail,Repeatable content from news-media-sitemap.xml.
https://www.klkoleo.com/news-media/davos-life-science-achieves-fssc-22000-certification-demonstrating-unwavering-commitment-to-food-safety-excellence/,"[""news-media-sitemap.xml""]",captured,cms_import,news-events,news-event-detail,Repeatable content from news-media-sitemap.xml.
https://www.klkoleo.com/news-media/davos-life-science-colornet-transforming-brazils-skincare-future-with-the-power-of-tocotrienols/,"[""news-media-sitemap.xml""]",captured,cms_import,news-events,news-event-detail,Repeatable content from news-media-sitemap.xml.
https://www.klkoleo.com/news-media/discover-innovative-nature-derived-products-and-solutions-at-chemexpo-india/,"[""news-media-sitemap.xml""]",captured,cms_import,news-events,news-event-detail,Repeatable content from news-media-sitemap.xml.
https://www.klkoleo.com/news-media/discover-klk-oleo-vitafoods-europe-2024/,"[""news-media-sitemap.xml""]",captured,cms_import,news-events,news-event-detail,Repeatable content from news-media-sitemap.xml.
https://www.klkoleo.com/news-media/discover-klk-oleos-complete-beauty-and-personal-care-ingredients-at-in-cosmetics-asia/,"[""news-media-sitemap.xml""]",captured,cms_import,news-events,news-event-detail,Repeatable content from news-media-sitemap.xml.
https://www.klkoleo.com/news-media/discover-klk-oleos-purpose-led-solutions-for-healthy-ageing-and-healthier-living-at-hi-korea/,"[""news-media-sitemap.xml""]",captured,cms_import,news-events,news-event-detail,Repeatable content from news-media-sitemap.xml.
https://www.klkoleo.com/news-media/discover-klk-oleos-purpose-led-solutions-for-healthy-ageing-at-vitafoods-europe/,"[""news-media-sitemap.xml""]",captured,cms_import,news-events,news-event-detail,Repeatable content from news-media-sitemap.xml.
https://www.klkoleo.com/news-media/discover-sustainable-beauty-solutions-at-cite-japan-2025/,"[""news-media-sitemap.xml""]",captured,cms_import,news-events,news-event-detail,Repeatable content from news-media-sitemap.xml.
https://www.klkoleo.com/news-media/elevate-cognitive-health-and-nutrition-meet-klk-oleo-at-vitafoods-europe-2025/,"[""news-media-sitemap.xml""]",captured,cms_import,news-events,news-event-detail,Repeatable content from news-media-sitemap.xml.
https://www.klkoleo.com/news-media/elevate-cognitive-health-and-sustainable-food-solutions-at-fi-europe-2025/,"[""news-media-sitemap.xml""]",captured,cms_import,news-events,news-event-detail,Repeatable content from news-media-sitemap.xml.
https://www.klkoleo.com/news-media/elevate-your-products-with-klk-oleo-at-the-upcoming-supplyside-west/,"[""news-media-sitemap.xml""]",captured,cms_import,news-events,news-event-detail,Repeatable content from news-media-sitemap.xml.
https://www.klkoleo.com/news-media/embark-on-a-journey-to-conscious-beauty-with-klk-oleo/,"[""news-media-sitemap.xml""]",captured,cms_import,news-events,news-event-detail,Repeatable content from news-media-sitemap.xml.
https://www.klkoleo.com/news-media/embrace-natural-beauty-with-klk-oleo-in-the-upcoming-in-cosmetics-korea/,"[""news-media-sitemap.xml""]",captured,cms_import,news-events,news-event-detail,Repeatable content from news-media-sitemap.xml.
https://www.klkoleo.com/news-media/explore-klk-oleos-innovative-ingredients-solutions-at-vitafoods-asia-2025/,"[""news-media-sitemap.xml""]",captured,cms_import,news-events,news-event-detail,Repeatable content from news-media-sitemap.xml.
https://www.klkoleo.com/news-media/explore-klk-oleos-sustainable-oleochemical-solutions-at-cosmetics-home-care-ingredients-chci/,"[""news-media-sitemap.xml""]",captured,cms_import,news-events,news-event-detail,Repeatable content from news-media-sitemap.xml.
https://www.klkoleo.com/news-media/first-rooftop-solar-photovoltaics-system-in-klk-oleo/,"[""news-media-sitemap.xml""]",captured,cms_import,news-events,news-event-detail,Repeatable content from news-media-sitemap.xml.
https://www.klkoleo.com/news-media/fuel-smarter-with-sustainable-mct/,"[""news-media-sitemap.xml""]",captured,cms_import,news-events,news-event-detail,Repeatable content from news-media-sitemap.xml.
https://www.klkoleo.com/news-media/get-in-touch-with-klk-at-the-upcoming-ofic-2022/,"[""news-media-sitemap.xml""]",captured,cms_import,news-events,news-event-detail,Repeatable content from news-media-sitemap.xml.
https://www.klkoleo.com/news-media/get-in-touch-with-us-at-the-upcoming-in-cosmetics-latin-america/,"[""news-media-sitemap.xml""]",captured,cms_import,news-events,news-event-detail,Repeatable content from news-media-sitemap.xml.
https://www.klkoleo.com/news-media/innovating-agrochemical-solutions-for-a-greener-tomorrow/,"[""news-media-sitemap.xml""]",captured,cms_import,news-events,news-event-detail,Repeatable content from news-media-sitemap.xml.
https://www.klkoleo.com/news-media/join-klk-oleo-at-cosmetics-home-care-ingredients-chci-explore-sustainable-solutions/,"[""news-media-sitemap.xml""]",captured,cms_import,news-events,news-event-detail,Repeatable content from news-media-sitemap.xml.
https://www.klkoleo.com/news-media/join-us-at-nyscc-suppliers-day/,"[""news-media-sitemap.xml""]",captured,cms_import,news-events,news-event-detail,Repeatable content from news-media-sitemap.xml.
https://www.klkoleo.com/news-media/k-2025/,"[""news-media-sitemap.xml""]",captured,cms_import,news-events,news-event-detail,Repeatable content from news-media-sitemap.xml.
https://www.klkoleo.com/news-media/kl-kepong-oleomas-winner-of-the-second-highest-investment-in-selangor-by-domestic-company-2021/,"[""news-media-sitemap.xml""]",captured,cms_import,news-events,news-event-detail,Repeatable content from news-media-sitemap.xml.
https://www.klkoleo.com/news-media/klk-awarded-malaysias-best-managed-companies-for-third-consecutive-year/,"[""news-media-sitemap.xml""]",captured,cms_import,news-events,news-event-detail,Repeatable content from news-media-sitemap.xml.
https://www.klkoleo.com/news-media/klk-awarded-unilevers-clean-future-brilliance-award/,"[""news-media-sitemap.xml""]",captured,cms_import,news-events,news-event-detail,Repeatable content from news-media-sitemap.xml.
https://www.klkoleo.com/news-media/klk-celebrates-double-win-at-the-16th-global-csr-esg-summit-awards-2024/,"[""news-media-sitemap.xml""]",captured,cms_import,news-events,news-event-detail,Repeatable content from news-media-sitemap.xml.
https://www.klkoleo.com/news-media/klk-invites-you-to-poc-2024/,"[""news-media-sitemap.xml""]",captured,cms_import,news-events,news-event-detail,Repeatable content from news-media-sitemap.xml.
https://www.klkoleo.com/news-media/klk-invites-you-to-poc-2025/,"[""news-media-sitemap.xml""]",captured,cms_import,news-events,news-event-detail,Repeatable content from news-media-sitemap.xml.
https://www.klkoleo.com/news-media/klk-invites-you-to-poc-2026/,"[""news-media-sitemap.xml""]",captured,cms_import,news-events,news-event-detail,Repeatable content from news-media-sitemap.xml.
https://www.klkoleo.com/news-media/klk-is-proud-to-be-one-of-malaysias-best-managed-companies-2022/,"[""news-media-sitemap.xml""]",captured,cms_import,news-events,news-event-detail,Repeatable content from news-media-sitemap.xml.
https://www.klkoleo.com/news-media/klk-is-recognised-malaysias-best-managed-companies-2023/,"[""news-media-sitemap.xml""]",captured,cms_import,news-events,news-event-detail,Repeatable content from news-media-sitemap.xml.
https://www.klkoleo.com/news-media/klk-oleo-appoints-ralf-ewering-as-chief-sustainability-officer-europe/,"[""news-media-sitemap.xml""]",captured,cms_import,news-events,news-event-detail,Repeatable content from news-media-sitemap.xml.
https://www.klkoleo.com/news-media/klk-oleo-breaks-ground-for-new-expansion-site-in-west-port-2/,"[""news-media-sitemap.xml""]",captured,cms_import,news-events,news-event-detail,Repeatable content from news-media-sitemap.xml.
https://www.klkoleo.com/news-media/klk-oleo-davos-life-science-invites-you-to-vitafoods-asia/,"[""news-media-sitemap.xml""]",captured,cms_import,news-events,news-event-detail,Repeatable content from news-media-sitemap.xml.
https://www.klkoleo.com/news-media/klk-oleo-expands-business-footprint-to-the-americas/,"[""news-media-sitemap.xml""]",captured,cms_import,news-events,news-event-detail,Repeatable content from news-media-sitemap.xml.
https://www.klkoleo.com/news-media/klk-oleo-inter-lubric-china-2023/,"[""news-media-sitemap.xml""]",captured,cms_import,news-events,news-event-detail,Repeatable content from news-media-sitemap.xml.
https://www.klkoleo.com/news-media/klk-oleo-invites-you-to-chemexpo-india-2025/,"[""news-media-sitemap.xml""]",captured,cms_import,news-events,news-event-detail,Repeatable content from news-media-sitemap.xml.
https://www.klkoleo.com/news-media/klk-oleo-invites-you-to-chinaplas-2025/,"[""news-media-sitemap.xml""]",captured,cms_import,news-events,news-event-detail,Repeatable content from news-media-sitemap.xml.
https://www.klkoleo.com/news-media/klk-oleo-invites-you-to-in-cosmetics-asia-2023/,"[""news-media-sitemap.xml""]",captured,cms_import,news-events,news-event-detail,Repeatable content from news-media-sitemap.xml.
https://www.klkoleo.com/news-media/klk-oleo-invites-you-to-in-cosmetics-global-2020/,"[""news-media-sitemap.xml""]",captured,cms_import,news-events,news-event-detail,Repeatable content from news-media-sitemap.xml.
https://www.klkoleo.com/news-media/klk-oleo-invites-you-to-in-cosmetics-global-2025/,"[""news-media-sitemap.xml""]",captured,cms_import,news-events,news-event-detail,Repeatable content from news-media-sitemap.xml.
https://www.klkoleo.com/news-media/klk-oleo-invites-you-to-nyscc-suppliers-day-2022/,"[""news-media-sitemap.xml""]",captured,cms_import,news-events,news-event-detail,Repeatable content from news-media-sitemap.xml.
https://www.klkoleo.com/news-media/klk-oleo-invites-you-to-nyscc-suppliers-day-2024/,"[""news-media-sitemap.xml""]",captured,cms_import,news-events,news-event-detail,Repeatable content from news-media-sitemap.xml.
https://www.klkoleo.com/news-media/klk-oleo-invites-you-to-pinc-2023/,"[""news-media-sitemap.xml""]",captured,cms_import,news-events,news-event-detail,Repeatable content from news-media-sitemap.xml.
https://www.klkoleo.com/news-media/klk-oleo-invites-you-to-poc-2022/,"[""news-media-sitemap.xml""]",captured,cms_import,news-events,news-event-detail,Repeatable content from news-media-sitemap.xml.
https://www.klkoleo.com/news-media/klk-oleo-invites-you-to-vietnamplas-2025/,"[""news-media-sitemap.xml""]",captured,cms_import,news-events,news-event-detail,Repeatable content from news-media-sitemap.xml.
https://www.klkoleo.com/news-media/klk-oleo-invites-you-to-vitafoods-europe-2022/,"[""news-media-sitemap.xml""]",captured,cms_import,news-events,news-event-detail,Repeatable content from news-media-sitemap.xml.
https://www.klkoleo.com/news-media/klk-oleo-invites-you-to-vitafoods-virtual-expo/,"[""news-media-sitemap.xml""]",captured,cms_import,news-events,news-event-detail,Repeatable content from news-media-sitemap.xml.
https://www.klkoleo.com/news-media/klk-oleo-planted-200-trees-at-lower-kinabatangan-wildlife-sanctuary/,"[""news-media-sitemap.xml""]",captured,cms_import,news-events,news-event-detail,Repeatable content from news-media-sitemap.xml.
https://www.klkoleo.com/news-media/klk-oleo-received-thriving-in-adversity-award-at-export-excellence-awards-eea-2022/,"[""news-media-sitemap.xml""]",captured,cms_import,news-events,news-event-detail,Repeatable content from news-media-sitemap.xml.
https://www.klkoleo.com/news-media/klk-oleo-showcase-davoslife-e3-tocotrienols-and-palmester-mct-at-health-ingredients-europe-hi-2022/,"[""news-media-sitemap.xml""]",captured,cms_import,news-events,news-event-detail,Repeatable content from news-media-sitemap.xml.
https://www.klkoleo.com/news-media/klk-oleo-strengthens-global-footprint-with-new-representative-office-in-mumbai-india/,"[""news-media-sitemap.xml""]",captured,cms_import,news-events,news-event-detail,Repeatable content from news-media-sitemap.xml.
https://www.klkoleo.com/news-media/klk-oleo-to-showcase-in-cite-japan/,"[""news-media-sitemap.xml""]",captured,cms_import,news-events,news-event-detail,Repeatable content from news-media-sitemap.xml.
https://www.klkoleo.com/news-media/klk-oleo-to-showcase-purpose-led-solutions-for-healthy-ageing-healthier-living-at-vitafoods-asia-2023/,"[""news-media-sitemap.xml""]",captured,cms_import,news-events,news-event-detail,Repeatable content from news-media-sitemap.xml.
https://www.klkoleo.com/news-media/klk-oleo-was-voted-as-one-of-malaysias-most-preferred-graduate-employers-to-work-in-2022/,"[""news-media-sitemap.xml""]",captured,cms_import,news-events,news-event-detail,Repeatable content from news-media-sitemap.xml.
https://www.klkoleo.com/news-media/klk-oleo-will-feature-healthy-ageing-and-healthier-living-solutions-at-supplyside-west/,"[""news-media-sitemap.xml""]",captured,cms_import,news-events,news-event-detail,Repeatable content from news-media-sitemap.xml.
https://www.klkoleo.com/news-media/klk-received-company-of-the-year-award-for-excellence-in-sustainability-and-csr-initiatives-plantation/,"[""news-media-sitemap.xml""]",captured,cms_import,news-events,news-event-detail,Repeatable content from news-media-sitemap.xml.
https://www.klkoleo.com/news-media/klk-received-company-of-the-year-award-for-leadership-in-community-education-scholarship-welfare/,"[""news-media-sitemap.xml""]",captured,cms_import,news-events,news-event-detail,Repeatable content from news-media-sitemap.xml.
https://www.klkoleo.com/news-media/klk-receives-gold-rating-from-ram-sustainability-2/,"[""news-media-sitemap.xml""]",captured,cms_import,news-events,news-event-detail,Repeatable content from news-media-sitemap.xml.
https://www.klkoleo.com/news-media/klk-receives-gold-rating-from-ram-sustainability/,"[""news-media-sitemap.xml""]",captured,cms_import,news-events,news-event-detail,Repeatable content from news-media-sitemap.xml.
https://www.klkoleo.com/news-media/klk-receives-two-awards-at-the-15th-annual-global-csr-esg-summit-and-awards-2023/,"[""news-media-sitemap.xml""]",captured,cms_import,news-events,news-event-detail,Repeatable content from news-media-sitemap.xml.
https://www.klkoleo.com/news-media/klk-recognised-as-the-most-outstanding-company-in-the-plantation-sector-by-asiamoney/,"[""news-media-sitemap.xml""]",captured,cms_import,news-events,news-event-detail,Repeatable content from news-media-sitemap.xml.
https://www.klkoleo.com/news-media/klkom-is-setting-the-milestone-in-energy-recycling/,"[""news-media-sitemap.xml""]",captured,cms_import,news-events,news-event-detail,Repeatable content from news-media-sitemap.xml.
https://www.klkoleo.com/news-media/klks-ceo-tan-sri-dato-seri-lee-oi-hian-named-the-edge-billion-ringgit-club-2022s-outstanding-ceo-value-creator/,"[""news-media-sitemap.xml""]",captured,cms_import,news-events,news-event-detail,Repeatable content from news-media-sitemap.xml.
https://www.klkoleo.com/news-media/new-homepage-for-klk-oleo-life-science/,"[""news-media-sitemap.xml""]",captured,cms_import,news-events,news-event-detail,Repeatable content from news-media-sitemap.xml.
https://www.klkoleo.com/news-media/new-surfactants-from-klkoms-sulphation-plants/,"[""news-media-sitemap.xml""]",captured,cms_import,news-events,news-event-detail,Repeatable content from news-media-sitemap.xml.
https://www.klkoleo.com/news-media/nyscc-suppliers-day-2023/,"[""news-media-sitemap.xml""]",captured,cms_import,news-events,news-event-detail,Repeatable content from news-media-sitemap.xml.
https://www.klkoleo.com/news-media/palm-oleo-awarded-msosh-gold-class-i-award/,"[""news-media-sitemap.xml""]",captured,cms_import,news-events,news-event-detail,Repeatable content from news-media-sitemap.xml.
https://www.klkoleo.com/news-media/palm-oleo-won-msosh-award/,"[""news-media-sitemap.xml""]",captured,cms_import,news-events,news-event-detail,Repeatable content from news-media-sitemap.xml.
https://www.klkoleo.com/news-media/pchi-2026/,"[""news-media-sitemap.xml""]",captured,cms_import,news-events,news-event-detail,Repeatable content from news-media-sitemap.xml.
https://www.klkoleo.com/news-media/press-release-klk-oleo-completes-acquisition-of-temix-oleo/,"[""news-media-sitemap.xml""]",captured,cms_import,news-events,news-event-detail,Repeatable content from news-media-sitemap.xml.
https://www.klkoleo.com/news-media/press-release-klk-oleo-to-acquire-italy-based-temix-oleo/,"[""news-media-sitemap.xml""]",captured,cms_import,news-events,news-event-detail,Repeatable content from news-media-sitemap.xml.
https://www.klkoleo.com/news-media/press-release-klk-renews-support-to-malaysian-mixed-doubles-stars-goh-soon-huat-and-shevon-lai/,"[""news-media-sitemap.xml""]",captured,cms_import,news-events,news-event-detail,Repeatable content from news-media-sitemap.xml.
https://www.klkoleo.com/news-media/press-release-peng-soon-liu-ying-receive-support-from-klk-to-pursue-their-olympic-dream/,"[""news-media-sitemap.xml""]",captured,cms_import,news-events,news-event-detail,Repeatable content from news-media-sitemap.xml.
https://www.klkoleo.com/news-media/ram-sustainability-upgrades-klks-overall-sustainability-rating-to-gold1-from-gold2/,"[""news-media-sitemap.xml""]",captured,cms_import,news-events,news-event-detail,Repeatable content from news-media-sitemap.xml.
https://www.klkoleo.com/news-media/sustainable-ingredients-touching-lives-positively-everyday/,"[""news-media-sitemap.xml""]",captured,cms_import,news-events,news-event-detail,Repeatable content from news-media-sitemap.xml.
https://www.klkoleo.com/news-media/tpoz-recognised-as-amongst-top-10-model-companies-adopting-holistic-safety-culture/,"[""news-media-sitemap.xml""]",captured,cms_import,news-events,news-event-detail,Repeatable content from news-media-sitemap.xml.
https://www.klkoleo.com/news-media/trusted-partner-for-healthy-ageing-and-healthier-living/,"[""news-media-sitemap.xml""]",captured,cms_import,news-events,news-event-detail,Repeatable content from news-media-sitemap.xml.
https://www.klkoleo.com/news-media/visit-klk-oleo-at-in-cosmetics-asia-2024/,"[""news-media-sitemap.xml""]",captured,cms_import,news-events,news-event-detail,Repeatable content from news-media-sitemap.xml.
https://www.klkoleo.com/news-media/visit-klk-oleo-at-in-cosmetics-korea-2024/,"[""news-media-sitemap.xml""]",captured,cms_import,news-events,news-event-detail,Repeatable content from news-media-sitemap.xml.
https://www.klkoleo.com/news-media/visit-klk-oleo-at-in-cosmetics-latin-america-2026/,"[""news-media-sitemap.xml""]",captured,cms_import,news-events,news-event-detail,Repeatable content from news-media-sitemap.xml.
https://www.klkoleo.com/news-media/visit-klk-oleo-at-wt-middle-east-2025/,"[""news-media-sitemap.xml""]",captured,cms_import,news-events,news-event-detail,Repeatable content from news-media-sitemap.xml.
https://www.klkoleo.com/news-media/visit-klk-oleo-davos-life-science-at-vitafoods-asia-2024/,"[""news-media-sitemap.xml""]",captured,cms_import,news-events,news-event-detail,Repeatable content from news-media-sitemap.xml.
https://www.klkoleo.com/news-media/visit-us-at-k-2022/,"[""news-media-sitemap.xml""]",captured,cms_import,news-events,news-event-detail,Repeatable content from news-media-sitemap.xml.
https://www.klkoleo.com/news-media/visit-us-at-poc2023/,"[""news-media-sitemap.xml""]",captured,cms_import,news-events,news-event-detail,Repeatable content from news-media-sitemap.xml.
https://www.klkoleo.com/news-media/vitafoods-europe-2026/,"[""news-media-sitemap.xml""]",captured,cms_import,news-events,news-event-detail,Repeatable content from news-media-sitemap.xml.
https://www.klkoleo.com/nyscc-suppliers-day/,"[""post-sitemap.xml""]",captured,cms_import,news-events,news-event-detail,Repeatable content from post-sitemap.xml.
https://www.klkoleo.com/oils-fats-international-congress-2/,"[""post-sitemap.xml""]",captured,cms_import,news-events,news-event-detail,Repeatable content from post-sitemap.xml.
https://www.klkoleo.com/palm-and-lauric-oils-price-outlook-conference-exhibition-2/,"[""post-sitemap.xml""]",captured,cms_import,news-events,news-event-detail,Repeatable content from post-sitemap.xml.
https://www.klkoleo.com/palm-oleo-klang-sdn-bhd/,"[""page-sitemap.xml"",""page-sitemap.xml"",""page-sitemap.xml""]",captured,cms_import,locations,location-detail,Repeatable facility/location record.
https://www.klkoleo.com/palm-oleo-sdn-bhd/,"[""page-sitemap.xml"",""page-sitemap.xml"",""page-sitemap.xml""]",captured,cms_import,locations,location-detail,Repeatable facility/location record.
https://www.klkoleo.com/palmocol-alkanolamide/,"[""page-sitemap.xml""]",captured,keep_page,/palmocol-alkanolamide/,standard-page,One-off editorial page.
https://www.klkoleo.com/personal-care-and-homecare-ingredients-pchi/,"[""post-sitemap.xml""]",captured,cms_import,news-events,news-event-detail,Repeatable content from post-sitemap.xml.
https://www.klkoleo.com/pipoc/,"[""post-sitemap.xml""]",captured,cms_import,news-events,news-event-detail,Repeatable content from post-sitemap.xml.
https://www.klkoleo.com/product-enquiry-beauty-personal-care/,"[""page-sitemap.xml"",""page-sitemap.xml"",""page-sitemap.xml""]",captured,system_config,,system,"Form, commerce, test, or staging utility; do not migrate as editorial content."
https://www.klkoleo.com/product-enquiry-food-nutrition/,"[""page-sitemap.xml"",""page-sitemap.xml"",""page-sitemap.xml""]",captured,system_config,,system,"Form, commerce, test, or staging utility; do not migrate as editorial content."
https://www.klkoleo.com/product-enquiry-home-care-ii-cleaning/,"[""page-sitemap.xml"",""page-sitemap.xml"",""page-sitemap.xml""]",captured,system_config,,system,"Form, commerce, test, or staging utility; do not migrate as editorial content."
https://www.klkoleo.com/product-enquiry-lubricants/,"[""page-sitemap.xml"",""page-sitemap.xml"",""page-sitemap.xml""]",captured,system_config,,system,"Form, commerce, test, or staging utility; do not migrate as editorial content."
https://www.klkoleo.com/product-enquiry-palmester-mct/,"[""page-sitemap.xml""]",captured,system_config,,system,"Form, commerce, test, or staging utility; do not migrate as editorial content."
https://www.klkoleo.com/product-enquiry-polymer/,"[""page-sitemap.xml"",""page-sitemap.xml"",""page-sitemap.xml""]",captured,system_config,,system,"Form, commerce, test, or staging utility; do not migrate as editorial content."
https://www.klkoleo.com/product-enquiry/,"[""page-sitemap.xml"",""page-sitemap.xml"",""page-sitemap.xml""]",captured,system_config,,system,"Form, commerce, test, or staging utility; do not migrate as editorial content."
https://www.klkoleo.com/products-banner/,"[""page-sitemap.xml"",""page-sitemap.xml"",""page-sitemap.xml""]",captured,system_config,,system,"Form, commerce, test, or staging utility; do not migrate as editorial content."
https://www.klkoleo.com/products/amides/,"[""products-sitemap.xml""]",captured,cms_import,product-families,product-family-detail,Repeatable content from products-sitemap.xml.
https://www.klkoleo.com/products/anionic-surfactants/,"[""products-sitemap.xml""]",captured,cms_import,product-families,product-family-detail,Repeatable content from products-sitemap.xml.
https://www.klkoleo.com/products/esters/,"[""products-sitemap.xml""]",captured,cms_import,product-families,product-family-detail,Repeatable content from products-sitemap.xml.
https://www.klkoleo.com/products/fatty-acids/,"[""products-sitemap.xml""]",captured,cms_import,product-families,product-family-detail,Repeatable content from products-sitemap.xml.
https://www.klkoleo.com/products/fatty-alcohols/,"[""products-sitemap.xml""]",captured,cms_import,product-families,product-family-detail,Repeatable content from products-sitemap.xml.
https://www.klkoleo.com/products/glycerine/,"[""products-sitemap.xml""]",captured,cms_import,product-families,product-family-detail,Repeatable content from products-sitemap.xml.
https://www.klkoleo.com/products/nonionic-surfactants/,"[""products-sitemap.xml""]",captured,cms_import,product-families,product-family-detail,Repeatable content from products-sitemap.xml.
https://www.klkoleo.com/products/phytonutrients/,"[""products-sitemap.xml""]",captured,cms_import,product-families,product-family-detail,Repeatable content from products-sitemap.xml.
https://www.klkoleo.com/pt-klk-dumai/,"[""page-sitemap.xml"",""page-sitemap.xml"",""page-sitemap.xml""]",captured,cms_import,locations,location-detail,Repeatable facility/location record.
https://www.klkoleo.com/ptperindustriansawitsynergi/,"[""page-sitemap.xml""]",captured,cms_import,locations,location-detail,Repeatable facility/location record.
https://www.klkoleo.com/r3d_category/sustainability/,"[""r3d_category-sitemap.xml""]",captured,generate,/r3d_category/sustainability/,archive-index,Generate from CMS taxonomy; do not create a standalone record.
https://www.klkoleo.com/report/,"[""report-sitemap.xml""]",captured,generate,/report/,archive-index,Collection index; generate from normalized CMS records.
https://www.klkoleo.com/report/2014/,"[""report-sitemap.xml""]",captured,cms_import,reports,resource-detail,Repeatable content from report-sitemap.xml.
https://www.klkoleo.com/report/2015/,"[""report-sitemap.xml""]",captured,cms_import,reports,resource-detail,Repeatable content from report-sitemap.xml.
https://www.klkoleo.com/report/2016/,"[""report-sitemap.xml""]",captured,cms_import,reports,resource-detail,Repeatable content from report-sitemap.xml.
https://www.klkoleo.com/report/2017/,"[""report-sitemap.xml""]",captured,cms_import,reports,resource-detail,Repeatable content from report-sitemap.xml.
https://www.klkoleo.com/report/2018/,"[""report-sitemap.xml""]",captured,cms_import,reports,resource-detail,Repeatable content from report-sitemap.xml.
https://www.klkoleo.com/report/2019/,"[""report-sitemap.xml""]",captured,cms_import,reports,resource-detail,Repeatable content from report-sitemap.xml.
https://www.klkoleo.com/report/2023/,"[""report-sitemap.xml""]",captured,cms_import,reports,resource-detail,Repeatable content from report-sitemap.xml.
https://www.klkoleo.com/request-quote/,"[""page-sitemap.xml""]",captured,system_config,,system,"Form, commerce, test, or staging utility; do not migrate as editorial content."
https://www.klkoleo.com/sepawacongress-2/,"[""post-sitemap.xml""]",captured,cms_import,news-events,news-event-detail,Repeatable content from post-sitemap.xml.
https://www.klkoleo.com/sepawacongress/,"[""post-sitemap.xml""]",captured,cms_import,news-events,news-event-detail,Repeatable content from post-sitemap.xml.
https://www.klkoleo.com/standard-terms-and-conditions/,"[""page-sitemap.xml"",""page-sitemap.xml"",""page-sitemap.xml""]",captured,keep_page,/standard-terms-and-conditions/,standard-page,One-off editorial page.
https://www.klkoleo.com/stle-annual-meeting-exhibition/,"[""post-sitemap.xml""]",captured,cms_import,news-events,news-event-detail,Repeatable content from post-sitemap.xml.
https://www.klkoleo.com/stolthavenwestport/,"[""page-sitemap.xml""]",captured,cms_import,locations,location-detail,Repeatable facility/location record.
https://www.klkoleo.com/supplier-code-of-conduct/,"[""page-sitemap.xml"",""page-sitemap.xml"",""page-sitemap.xml""]",captured,keep_page,/supplier-code-of-conduct/,standard-page,One-off editorial page.
https://www.klkoleo.com/supply-chain-management/,"[""page-sitemap.xml"",""page-sitemap.xml"",""page-sitemap.xml""]",captured,keep_page,/supply-chain-management/,standard-page,One-off editorial page.
https://www.klkoleo.com/supplyside-global/,"[""post-sitemap.xml""]",captured,cms_import,news-events,news-event-detail,Repeatable content from post-sitemap.xml.
https://www.klkoleo.com/sustainability-principled-by-integrity/,"[""page-sitemap.xml"",""page-sitemap.xml"",""page-sitemap.xml""]",captured,keep_page,/sustainability-principled-by-integrity/,standard-page,One-off editorial page.
https://www.klkoleo.com/taiko-palm-oleo-zhangjiagang-co-ltd/,"[""page-sitemap.xml"",""page-sitemap.xml"",""page-sitemap.xml""]",captured,cms_import,locations,location-detail,Repeatable facility/location record.
https://www.klkoleo.com/test-2/,"[""page-sitemap.xml""]",captured,system_config,,system,"Form, commerce, test, or staging utility; do not migrate as editorial content."
https://www.klkoleo.com/test-career/,"[""page-sitemap.xml""]",captured,system_config,,system,"Form, commerce, test, or staging utility; do not migrate as editorial content."
https://www.klkoleo.com/thank-you/,"[""page-sitemap.xml""]",captured,system_config,,system,"Form, commerce, test, or staging utility; do not migrate as editorial content."
https://www.klkoleo.com/timeline-post/,"[""timeline_slider_post-sitemap.xml""]",captured,generate,/timeline-post/,archive-index,Collection index; generate from normalized CMS records.
https://www.klkoleo.com/timeline-post/%e4%b8%80%e4%bd%93%e5%8c%96/,"[""timeline_slider_post-sitemap.xml""]",captured,cms_import,milestones,timeline,Repeatable content from timeline_slider_post-sitemap.xml.
https://www.klkoleo.com/timeline-post/%e5%8f%af%e4%bf%a1%e8%b5%96%e7%9a%84/,"[""timeline_slider_post-sitemap.xml""]",captured,cms_import,milestones,timeline,Repeatable content from timeline_slider_post-sitemap.xml.
https://www.klkoleo.com/timeline-post/%e5%8f%af%e6%8c%81%e7%bb%ad%e7%9a%84/,"[""timeline_slider_post-sitemap.xml""]",captured,cms_import,milestones,timeline,Repeatable content from timeline_slider_post-sitemap.xml.
https://www.klkoleo.com/timeline-post/%e5%91%98%e5%b7%a5/,"[""timeline_slider_post-sitemap.xml""]",captured,cms_import,milestones,timeline,Repeatable content from timeline_slider_post-sitemap.xml.
https://www.klkoleo.com/timeline-post/%e6%95%99%e8%82%b2/,"[""timeline_slider_post-sitemap.xml""]",captured,cms_import,milestones,timeline,Repeatable content from timeline_slider_post-sitemap.xml.
https://www.klkoleo.com/timeline-post/%e7%8e%af%e5%a2%83/,"[""timeline_slider_post-sitemap.xml""]",captured,cms_import,milestones,timeline,Repeatable content from timeline_slider_post-sitemap.xml.
https://www.klkoleo.com/timeline-post/%e7%a4%be%e5%8c%ba/,"[""timeline_slider_post-sitemap.xml""]",captured,cms_import,milestones,timeline,Repeatable content from timeline_slider_post-sitemap.xml.
https://www.klkoleo.com/timeline-post/%e9%ab%98%e6%95%88%e7%9a%84/,"[""timeline_slider_post-sitemap.xml""]",captured,cms_import,milestones,timeline,Repeatable content from timeline_slider_post-sitemap.xml.
https://www.klkoleo.com/timeline-post/1711/,"[""timeline_slider_post-sitemap.xml""]",captured,cms_import,milestones,timeline,Repeatable content from timeline_slider_post-sitemap.xml.
https://www.klkoleo.com/timeline-post/1906-2/,"[""timeline_slider_post-sitemap.xml""]",captured,cms_import,milestones,timeline,Repeatable content from timeline_slider_post-sitemap.xml.
https://www.klkoleo.com/timeline-post/1906-3/,"[""timeline_slider_post-sitemap.xml""]",captured,cms_import,milestones,timeline,Repeatable content from timeline_slider_post-sitemap.xml.
https://www.klkoleo.com/timeline-post/1906/,"[""timeline_slider_post-sitemap.xml""]",captured,cms_import,milestones,timeline,Repeatable content from timeline_slider_post-sitemap.xml.
https://www.klkoleo.com/timeline-post/1960-2/,"[""timeline_slider_post-sitemap.xml""]",captured,cms_import,milestones,timeline,Repeatable content from timeline_slider_post-sitemap.xml.
https://www.klkoleo.com/timeline-post/1960-3/,"[""timeline_slider_post-sitemap.xml""]",captured,cms_import,milestones,timeline,Repeatable content from timeline_slider_post-sitemap.xml.
https://www.klkoleo.com/timeline-post/1960/,"[""timeline_slider_post-sitemap.xml""]",captured,cms_import,milestones,timeline,Repeatable content from timeline_slider_post-sitemap.xml.
https://www.klkoleo.com/timeline-post/1973-2/,"[""timeline_slider_post-sitemap.xml""]",captured,cms_import,milestones,timeline,Repeatable content from timeline_slider_post-sitemap.xml.
https://www.klkoleo.com/timeline-post/1973-3/,"[""timeline_slider_post-sitemap.xml""]",captured,cms_import,milestones,timeline,Repeatable content from timeline_slider_post-sitemap.xml.
https://www.klkoleo.com/timeline-post/1973/,"[""timeline_slider_post-sitemap.xml""]",captured,cms_import,milestones,timeline,Repeatable content from timeline_slider_post-sitemap.xml.
https://www.klkoleo.com/timeline-post/1991-2/,"[""timeline_slider_post-sitemap.xml""]",captured,cms_import,milestones,timeline,Repeatable content from timeline_slider_post-sitemap.xml.
https://www.klkoleo.com/timeline-post/1991-3/,"[""timeline_slider_post-sitemap.xml""]",captured,cms_import,milestones,timeline,Repeatable content from timeline_slider_post-sitemap.xml.
https://www.klkoleo.com/timeline-post/1991/,"[""timeline_slider_post-sitemap.xml""]",captured,cms_import,milestones,timeline,Repeatable content from timeline_slider_post-sitemap.xml.
https://www.klkoleo.com/timeline-post/1994-2/,"[""timeline_slider_post-sitemap.xml""]",captured,cms_import,milestones,timeline,Repeatable content from timeline_slider_post-sitemap.xml.
https://www.klkoleo.com/timeline-post/1994-3/,"[""timeline_slider_post-sitemap.xml""]",captured,cms_import,milestones,timeline,Repeatable content from timeline_slider_post-sitemap.xml.
https://www.klkoleo.com/timeline-post/1994/,"[""timeline_slider_post-sitemap.xml""]",captured,cms_import,milestones,timeline,Repeatable content from timeline_slider_post-sitemap.xml.
https://www.klkoleo.com/timeline-post/1996-2/,"[""timeline_slider_post-sitemap.xml""]",captured,cms_import,milestones,timeline,Repeatable content from timeline_slider_post-sitemap.xml.
https://www.klkoleo.com/timeline-post/1996-3/,"[""timeline_slider_post-sitemap.xml""]",captured,cms_import,milestones,timeline,Repeatable content from timeline_slider_post-sitemap.xml.
https://www.klkoleo.com/timeline-post/1996/,"[""timeline_slider_post-sitemap.xml""]",captured,cms_import,milestones,timeline,Repeatable content from timeline_slider_post-sitemap.xml.
https://www.klkoleo.com/timeline-post/1997-2/,"[""timeline_slider_post-sitemap.xml""]",captured,cms_import,milestones,timeline,Repeatable content from timeline_slider_post-sitemap.xml.
https://www.klkoleo.com/timeline-post/1997-3/,"[""timeline_slider_post-sitemap.xml""]",captured,cms_import,milestones,timeline,Repeatable content from timeline_slider_post-sitemap.xml.
https://www.klkoleo.com/timeline-post/1997/,"[""timeline_slider_post-sitemap.xml""]",captured,cms_import,milestones,timeline,Repeatable content from timeline_slider_post-sitemap.xml.
https://www.klkoleo.com/timeline-post/2004-2/,"[""timeline_slider_post-sitemap.xml""]",captured,cms_import,milestones,timeline,Repeatable content from timeline_slider_post-sitemap.xml.
https://www.klkoleo.com/timeline-post/2004-3/,"[""timeline_slider_post-sitemap.xml""]",captured,cms_import,milestones,timeline,Repeatable content from timeline_slider_post-sitemap.xml.
https://www.klkoleo.com/timeline-post/2004/,"[""timeline_slider_post-sitemap.xml""]",captured,cms_import,milestones,timeline,Repeatable content from timeline_slider_post-sitemap.xml.
https://www.klkoleo.com/timeline-post/2005-2/,"[""timeline_slider_post-sitemap.xml""]",captured,cms_import,milestones,timeline,Repeatable content from timeline_slider_post-sitemap.xml.
https://www.klkoleo.com/timeline-post/2005-3/,"[""timeline_slider_post-sitemap.xml""]",captured,cms_import,milestones,timeline,Repeatable content from timeline_slider_post-sitemap.xml.
https://www.klkoleo.com/timeline-post/2005-4/,"[""timeline_slider_post-sitemap.xml""]",captured,cms_import,milestones,timeline,Repeatable content from timeline_slider_post-sitemap.xml.
https://www.klkoleo.com/timeline-post/2005-5/,"[""timeline_slider_post-sitemap.xml""]",captured,cms_import,milestones,timeline,Repeatable content from timeline_slider_post-sitemap.xml.
https://www.klkoleo.com/timeline-post/2005-6/,"[""timeline_slider_post-sitemap.xml""]",captured,cms_import,milestones,timeline,Repeatable content from timeline_slider_post-sitemap.xml.
https://www.klkoleo.com/timeline-post/2005/,"[""timeline_slider_post-sitemap.xml""]",captured,cms_import,milestones,timeline,Repeatable content from timeline_slider_post-sitemap.xml.
https://www.klkoleo.com/timeline-post/2006-2/,"[""timeline_slider_post-sitemap.xml""]",captured,cms_import,milestones,timeline,Repeatable content from timeline_slider_post-sitemap.xml.
https://www.klkoleo.com/timeline-post/2006-3/,"[""timeline_slider_post-sitemap.xml""]",captured,cms_import,milestones,timeline,Repeatable content from timeline_slider_post-sitemap.xml.
https://www.klkoleo.com/timeline-post/2006-4/,"[""timeline_slider_post-sitemap.xml""]",captured,cms_import,milestones,timeline,Repeatable content from timeline_slider_post-sitemap.xml.
https://www.klkoleo.com/timeline-post/2006-5/,"[""timeline_slider_post-sitemap.xml""]",captured,cms_import,milestones,timeline,Repeatable content from timeline_slider_post-sitemap.xml.
https://www.klkoleo.com/timeline-post/2006-6/,"[""timeline_slider_post-sitemap.xml""]",captured,cms_import,milestones,timeline,Repeatable content from timeline_slider_post-sitemap.xml.
https://www.klkoleo.com/timeline-post/2006/,"[""timeline_slider_post-sitemap.xml""]",captured,cms_import,milestones,timeline,Repeatable content from timeline_slider_post-sitemap.xml.
https://www.klkoleo.com/timeline-post/2007-2/,"[""timeline_slider_post-sitemap.xml""]",captured,cms_import,milestones,timeline,Repeatable content from timeline_slider_post-sitemap.xml.
https://www.klkoleo.com/timeline-post/2007-3/,"[""timeline_slider_post-sitemap.xml""]",captured,cms_import,milestones,timeline,Repeatable content from timeline_slider_post-sitemap.xml.
https://www.klkoleo.com/timeline-post/2007-4/,"[""timeline_slider_post-sitemap.xml""]",captured,cms_import,milestones,timeline,Repeatable content from timeline_slider_post-sitemap.xml.
https://www.klkoleo.com/timeline-post/2007-5/,"[""timeline_slider_post-sitemap.xml""]",captured,cms_import,milestones,timeline,Repeatable content from timeline_slider_post-sitemap.xml.
https://www.klkoleo.com/timeline-post/2007-6/,"[""timeline_slider_post-sitemap.xml""]",captured,cms_import,milestones,timeline,Repeatable content from timeline_slider_post-sitemap.xml.
https://www.klkoleo.com/timeline-post/2007/,"[""timeline_slider_post-sitemap.xml""]",captured,cms_import,milestones,timeline,Repeatable content from timeline_slider_post-sitemap.xml.
https://www.klkoleo.com/timeline-post/2009-2/,"[""timeline_slider_post-sitemap.xml""]",captured,cms_import,milestones,timeline,Repeatable content from timeline_slider_post-sitemap.xml.
https://www.klkoleo.com/timeline-post/2009-3/,"[""timeline_slider_post-sitemap.xml""]",captured,cms_import,milestones,timeline,Repeatable content from timeline_slider_post-sitemap.xml.
https://www.klkoleo.com/timeline-post/2009-4/,"[""timeline_slider_post-sitemap.xml""]",captured,cms_import,milestones,timeline,Repeatable content from timeline_slider_post-sitemap.xml.
https://www.klkoleo.com/timeline-post/2009-5/,"[""timeline_slider_post-sitemap.xml""]",captured,cms_import,milestones,timeline,Repeatable content from timeline_slider_post-sitemap.xml.
https://www.klkoleo.com/timeline-post/2009-6/,"[""timeline_slider_post-sitemap.xml""]",captured,cms_import,milestones,timeline,Repeatable content from timeline_slider_post-sitemap.xml.
https://www.klkoleo.com/timeline-post/2009/,"[""timeline_slider_post-sitemap.xml""]",captured,cms_import,milestones,timeline,Repeatable content from timeline_slider_post-sitemap.xml.
https://www.klkoleo.com/timeline-post/2010-2/,"[""timeline_slider_post-sitemap.xml""]",captured,cms_import,milestones,timeline,Repeatable content from timeline_slider_post-sitemap.xml.
https://www.klkoleo.com/timeline-post/2010-3/,"[""timeline_slider_post-sitemap.xml""]",captured,cms_import,milestones,timeline,Repeatable content from timeline_slider_post-sitemap.xml.
https://www.klkoleo.com/timeline-post/2010/,"[""timeline_slider_post-sitemap.xml""]",captured,cms_import,milestones,timeline,Repeatable content from timeline_slider_post-sitemap.xml.
https://www.klkoleo.com/timeline-post/2011-2/,"[""timeline_slider_post-sitemap.xml""]",captured,cms_import,milestones,timeline,Repeatable content from timeline_slider_post-sitemap.xml.
https://www.klkoleo.com/timeline-post/2011-3/,"[""timeline_slider_post-sitemap.xml""]",captured,cms_import,milestones,timeline,Repeatable content from timeline_slider_post-sitemap.xml.
https://www.klkoleo.com/timeline-post/2011/,"[""timeline_slider_post-sitemap.xml""]",captured,cms_import,milestones,timeline,Repeatable content from timeline_slider_post-sitemap.xml.
https://www.klkoleo.com/timeline-post/2012-2/,"[""timeline_slider_post-sitemap.xml""]",captured,cms_import,milestones,timeline,Repeatable content from timeline_slider_post-sitemap.xml.
https://www.klkoleo.com/timeline-post/2012-3/,"[""timeline_slider_post-sitemap.xml""]",captured,cms_import,milestones,timeline,Repeatable content from timeline_slider_post-sitemap.xml.
https://www.klkoleo.com/timeline-post/2012/,"[""timeline_slider_post-sitemap.xml""]",captured,cms_import,milestones,timeline,Repeatable content from timeline_slider_post-sitemap.xml.
https://www.klkoleo.com/timeline-post/2014-2/,"[""timeline_slider_post-sitemap.xml""]",captured,cms_import,milestones,timeline,Repeatable content from timeline_slider_post-sitemap.xml.
https://www.klkoleo.com/timeline-post/2014-3/,"[""timeline_slider_post-sitemap.xml""]",captured,cms_import,milestones,timeline,Repeatable content from timeline_slider_post-sitemap.xml.
https://www.klkoleo.com/timeline-post/2014/,"[""timeline_slider_post-sitemap.xml""]",captured,cms_import,milestones,timeline,Repeatable content from timeline_slider_post-sitemap.xml.
https://www.klkoleo.com/timeline-post/2015-2/,"[""timeline_slider_post-sitemap.xml""]",captured,cms_import,milestones,timeline,Repeatable content from timeline_slider_post-sitemap.xml.
https://www.klkoleo.com/timeline-post/2015-3/,"[""timeline_slider_post-sitemap.xml""]",captured,cms_import,milestones,timeline,Repeatable content from timeline_slider_post-sitemap.xml.
https://www.klkoleo.com/timeline-post/2015/,"[""timeline_slider_post-sitemap.xml""]",captured,cms_import,milestones,timeline,Repeatable content from timeline_slider_post-sitemap.xml.
https://www.klkoleo.com/timeline-post/2016-2/,"[""timeline_slider_post-sitemap.xml""]",captured,cms_import,milestones,timeline,Repeatable content from timeline_slider_post-sitemap.xml.
https://www.klkoleo.com/timeline-post/2016-3/,"[""timeline_slider_post-sitemap.xml""]",captured,cms_import,milestones,timeline,Repeatable content from timeline_slider_post-sitemap.xml.
https://www.klkoleo.com/timeline-post/2016-4/,"[""timeline_slider_post-sitemap.xml""]",captured,cms_import,milestones,timeline,Repeatable content from timeline_slider_post-sitemap.xml.
https://www.klkoleo.com/timeline-post/2016-5/,"[""timeline_slider_post-sitemap.xml""]",captured,cms_import,milestones,timeline,Repeatable content from timeline_slider_post-sitemap.xml.
https://www.klkoleo.com/timeline-post/2016-6/,"[""timeline_slider_post-sitemap.xml""]",captured,cms_import,milestones,timeline,Repeatable content from timeline_slider_post-sitemap.xml.
https://www.klkoleo.com/timeline-post/2016-7/,"[""timeline_slider_post-sitemap.xml""]",captured,cms_import,milestones,timeline,Repeatable content from timeline_slider_post-sitemap.xml.
https://www.klkoleo.com/timeline-post/2016-8/,"[""timeline_slider_post-sitemap.xml""]",captured,cms_import,milestones,timeline,Repeatable content from timeline_slider_post-sitemap.xml.
https://www.klkoleo.com/timeline-post/2016/,"[""timeline_slider_post-sitemap.xml""]",captured,cms_import,milestones,timeline,Repeatable content from timeline_slider_post-sitemap.xml.
https://www.klkoleo.com/timeline-post/2018-2/,"[""timeline_slider_post-sitemap.xml""]",captured,cms_import,milestones,timeline,Repeatable content from timeline_slider_post-sitemap.xml.
https://www.klkoleo.com/timeline-post/2018-3/,"[""timeline_slider_post-sitemap.xml""]",captured,cms_import,milestones,timeline,Repeatable content from timeline_slider_post-sitemap.xml.
https://www.klkoleo.com/timeline-post/2018-4/,"[""timeline_slider_post-sitemap.xml""]",captured,cms_import,milestones,timeline,Repeatable content from timeline_slider_post-sitemap.xml.
https://www.klkoleo.com/timeline-post/2018-5/,"[""timeline_slider_post-sitemap.xml""]",captured,cms_import,milestones,timeline,Repeatable content from timeline_slider_post-sitemap.xml.
https://www.klkoleo.com/timeline-post/2018-6/,"[""timeline_slider_post-sitemap.xml""]",captured,cms_import,milestones,timeline,Repeatable content from timeline_slider_post-sitemap.xml.
https://www.klkoleo.com/timeline-post/2018-7/,"[""timeline_slider_post-sitemap.xml""]",captured,cms_import,milestones,timeline,Repeatable content from timeline_slider_post-sitemap.xml.
https://www.klkoleo.com/timeline-post/2018-8/,"[""timeline_slider_post-sitemap.xml""]",captured,cms_import,milestones,timeline,Repeatable content from timeline_slider_post-sitemap.xml.
https://www.klkoleo.com/timeline-post/2018-9/,"[""timeline_slider_post-sitemap.xml""]",captured,cms_import,milestones,timeline,Repeatable content from timeline_slider_post-sitemap.xml.
https://www.klkoleo.com/timeline-post/2018/,"[""timeline_slider_post-sitemap.xml""]",captured,cms_import,milestones,timeline,Repeatable content from timeline_slider_post-sitemap.xml.
https://www.klkoleo.com/timeline-post/2020-2/,"[""timeline_slider_post-sitemap.xml""]",captured,cms_import,milestones,timeline,Repeatable content from timeline_slider_post-sitemap.xml.
https://www.klkoleo.com/timeline-post/2020-3/,"[""timeline_slider_post-sitemap.xml""]",captured,cms_import,milestones,timeline,Repeatable content from timeline_slider_post-sitemap.xml.
https://www.klkoleo.com/timeline-post/2020/,"[""timeline_slider_post-sitemap.xml""]",captured,cms_import,milestones,timeline,Repeatable content from timeline_slider_post-sitemap.xml.
https://www.klkoleo.com/timeline-post/2021-2/,"[""timeline_slider_post-sitemap.xml""]",captured,cms_import,milestones,timeline,Repeatable content from timeline_slider_post-sitemap.xml.
https://www.klkoleo.com/timeline-post/2021-3/,"[""timeline_slider_post-sitemap.xml""]",captured,cms_import,milestones,timeline,Repeatable content from timeline_slider_post-sitemap.xml.
https://www.klkoleo.com/timeline-post/2021/,"[""timeline_slider_post-sitemap.xml""]",captured,cms_import,milestones,timeline,Repeatable content from timeline_slider_post-sitemap.xml.
https://www.klkoleo.com/timeline-post/2023-2/,"[""timeline_slider_post-sitemap.xml""]",captured,cms_import,milestones,timeline,Repeatable content from timeline_slider_post-sitemap.xml.
https://www.klkoleo.com/timeline-post/2023-3/,"[""timeline_slider_post-sitemap.xml""]",captured,cms_import,milestones,timeline,Repeatable content from timeline_slider_post-sitemap.xml.
https://www.klkoleo.com/timeline-post/2023-4/,"[""timeline_slider_post-sitemap.xml""]",captured,cms_import,milestones,timeline,Repeatable content from timeline_slider_post-sitemap.xml.
https://www.klkoleo.com/timeline-post/2023-5/,"[""timeline_slider_post-sitemap.xml""]",captured,cms_import,milestones,timeline,Repeatable content from timeline_slider_post-sitemap.xml.
https://www.klkoleo.com/timeline-post/2023-6/,"[""timeline_slider_post-sitemap.xml""]",captured,cms_import,milestones,timeline,Repeatable content from timeline_slider_post-sitemap.xml.
https://www.klkoleo.com/timeline-post/2023/,"[""timeline_slider_post-sitemap.xml""]",captured,cms_import,milestones,timeline,Repeatable content from timeline_slider_post-sitemap.xml.
https://www.klkoleo.com/timeline-post/2024-2/,"[""timeline_slider_post-sitemap.xml""]",captured,cms_import,milestones,timeline,Repeatable content from timeline_slider_post-sitemap.xml.
https://www.klkoleo.com/timeline-post/2024/,"[""timeline_slider_post-sitemap.xml""]",captured,cms_import,milestones,timeline,Repeatable content from timeline_slider_post-sitemap.xml.
https://www.klkoleo.com/timeline-post/2025-2/,"[""timeline_slider_post-sitemap.xml""]",captured,cms_import,milestones,timeline,Repeatable content from timeline_slider_post-sitemap.xml.
https://www.klkoleo.com/timeline-post/2025-3/,"[""timeline_slider_post-sitemap.xml""]",captured,cms_import,milestones,timeline,Repeatable content from timeline_slider_post-sitemap.xml.
https://www.klkoleo.com/timeline-post/2025/,"[""timeline_slider_post-sitemap.xml""]",captured,cms_import,milestones,timeline,Repeatable content from timeline_slider_post-sitemap.xml.
https://www.klkoleo.com/timeline-post/angestellte/,"[""timeline_slider_post-sitemap.xml""]",captured,cms_import,milestones,timeline,Repeatable content from timeline_slider_post-sitemap.xml.
https://www.klkoleo.com/timeline-post/bildung/,"[""timeline_slider_post-sitemap.xml""]",captured,cms_import,milestones,timeline,Repeatable content from timeline_slider_post-sitemap.xml.
https://www.klkoleo.com/timeline-post/community/,"[""timeline_slider_post-sitemap.xml""]",captured,cms_import,milestones,timeline,Repeatable content from timeline_slider_post-sitemap.xml.
https://www.klkoleo.com/timeline-post/education/,"[""timeline_slider_post-sitemap.xml""]",captured,cms_import,milestones,timeline,Repeatable content from timeline_slider_post-sitemap.xml.
https://www.klkoleo.com/timeline-post/efficient/,"[""timeline_slider_post-sitemap.xml""]",captured,cms_import,milestones,timeline,Repeatable content from timeline_slider_post-sitemap.xml.
https://www.klkoleo.com/timeline-post/effizient/,"[""timeline_slider_post-sitemap.xml""]",captured,cms_import,milestones,timeline,Repeatable content from timeline_slider_post-sitemap.xml.
https://www.klkoleo.com/timeline-post/employees/,"[""timeline_slider_post-sitemap.xml""]",captured,cms_import,milestones,timeline,Repeatable content from timeline_slider_post-sitemap.xml.
https://www.klkoleo.com/timeline-post/environment/,"[""timeline_slider_post-sitemap.xml""]",captured,cms_import,milestones,timeline,Repeatable content from timeline_slider_post-sitemap.xml.
https://www.klkoleo.com/timeline-post/gesellschaft/,"[""timeline_slider_post-sitemap.xml""]",captured,cms_import,milestones,timeline,Repeatable content from timeline_slider_post-sitemap.xml.
https://www.klkoleo.com/timeline-post/integrated/,"[""timeline_slider_post-sitemap.xml""]",captured,cms_import,milestones,timeline,Repeatable content from timeline_slider_post-sitemap.xml.
https://www.klkoleo.com/timeline-post/integriert/,"[""timeline_slider_post-sitemap.xml""]",captured,cms_import,milestones,timeline,Repeatable content from timeline_slider_post-sitemap.xml.
https://www.klkoleo.com/timeline-post/klk-founder-2/,"[""timeline_slider_post-sitemap.xml""]",captured,cms_import,milestones,timeline,Repeatable content from timeline_slider_post-sitemap.xml.
https://www.klkoleo.com/timeline-post/klk-founder-3/,"[""timeline_slider_post-sitemap.xml""]",captured,cms_import,milestones,timeline,Repeatable content from timeline_slider_post-sitemap.xml.
https://www.klkoleo.com/timeline-post/klk-founder/,"[""timeline_slider_post-sitemap.xml""]",captured,cms_import,milestones,timeline,Repeatable content from timeline_slider_post-sitemap.xml.
https://www.klkoleo.com/timeline-post/nachhaltig/,"[""timeline_slider_post-sitemap.xml""]",captured,cms_import,milestones,timeline,Repeatable content from timeline_slider_post-sitemap.xml.
https://www.klkoleo.com/timeline-post/reliable/,"[""timeline_slider_post-sitemap.xml""]",captured,cms_import,milestones,timeline,Repeatable content from timeline_slider_post-sitemap.xml.
https://www.klkoleo.com/timeline-post/sustainability/,"[""timeline_slider_post-sitemap.xml""]",captured,cms_import,milestones,timeline,Repeatable content from timeline_slider_post-sitemap.xml.
https://www.klkoleo.com/timeline-post/umwelt/,"[""timeline_slider_post-sitemap.xml""]",captured,cms_import,milestones,timeline,Repeatable content from timeline_slider_post-sitemap.xml.
https://www.klkoleo.com/timeline-post/zuverlassig/,"[""timeline_slider_post-sitemap.xml""]",captured,cms_import,milestones,timeline,Repeatable content from timeline_slider_post-sitemap.xml.
https://www.klkoleo.com/uniti-expo/,"[""post-sitemap.xml""]",captured,cms_import,news-events,news-event-detail,Repeatable content from post-sitemap.xml.
https://www.klkoleo.com/uniti-mineral-oil-technology-congress/,"[""post-sitemap.xml""]",captured,cms_import,news-events,news-event-detail,Repeatable content from post-sitemap.xml.
https://www.klkoleo.com/vietnamplas/,"[""post-sitemap.xml""]",captured,cms_import,news-events,news-event-detail,Repeatable content from post-sitemap.xml.
https://www.klkoleo.com/vitafoods-asia-3/,"[""post-sitemap.xml""]",captured,cms_import,news-events,news-event-detail,Repeatable content from post-sitemap.xml.
https://www.klkoleo.com/vitafoods-asia/,"[""post-sitemap.xml""]",captured,cms_import,news-events,news-event-detail,Repeatable content from post-sitemap.xml.
https://www.klkoleo.com/vitafoods-europe-2/,"[""post-sitemap.xml""]",captured,cms_import,news-events,news-event-detail,Repeatable content from post-sitemap.xml.
https://www.klkoleo.com/vitafoods-europe/,"[""post-sitemap.xml""]",captured,cms_import,news-events,news-event-detail,Repeatable content from post-sitemap.xml.
https://www.klkoleo.com/world-tobacco-middle-east/,"[""post-sitemap.xml""]",captured,cms_import,news-events,news-event-detail,Repeatable content from post-sitemap.xml.
https://www.klkoleo.com/wpostahs-slider-category/%e7%a4%be%e4%bc%9a%e8%b4%a3%e4%bb%bb/,"[""wpostahs-slider-category-sitemap.xml""]",captured,generate,/wpostahs-slider-category/%e7%a4%be%e4%bc%9a%e8%b4%a3%e4%bb%bb/,archive-index,Generate from CMS taxonomy; do not create a standalone record.
https://www.klkoleo.com/wpostahs-slider-category/commitments-de/,"[""wpostahs-slider-category-sitemap.xml""]",captured,generate,/wpostahs-slider-category/commitments-de/,archive-index,Generate from CMS taxonomy; do not create a standalone record.
https://www.klkoleo.com/wpostahs-slider-category/commitments/,"[""wpostahs-slider-category-sitemap.xml""]",captured,generate,/wpostahs-slider-category/commitments/,archive-index,Generate from CMS taxonomy; do not create a standalone record.
https://www.klkoleo.com/wpostahs-slider-category/milestones-cn/,"[""wpostahs-slider-category-sitemap.xml""]",captured,generate,/wpostahs-slider-category/milestones-cn/,archive-index,Generate from CMS taxonomy; do not create a standalone record.
https://www.klkoleo.com/wpostahs-slider-category/milestones-de/,"[""wpostahs-slider-category-sitemap.xml""]",captured,generate,/wpostahs-slider-category/milestones-de/,archive-index,Generate from CMS taxonomy; do not create a standalone record.
https://www.klkoleo.com/wpostahs-slider-category/milestones/,"[""wpostahs-slider-category-sitemap.xml""]",captured,generate,/wpostahs-slider-category/milestones/,archive-index,Generate from CMS taxonomy; do not create a standalone record.
https://www.klkoleo.com/wpostahs-slider-category/rise-cn/,"[""wpostahs-slider-category-sitemap.xml""]",captured,generate,/wpostahs-slider-category/rise-cn/,archive-index,Generate from CMS taxonomy; do not create a standalone record.
https://www.klkoleo.com/wpostahs-slider-category/rise-de/,"[""wpostahs-slider-category-sitemap.xml""]",captured,generate,/wpostahs-slider-category/rise-de/,archive-index,Generate from CMS taxonomy; do not create a standalone record.
https://www.klkoleo.com/wpostahs-slider-category/rise/,"[""wpostahs-slider-category-sitemap.xml""]",captured,generate,/wpostahs-slider-category/rise/,archive-index,Generate from CMS taxonomy; do not create a standalone record.
